person,personLabel,enwiki,positionLabel,parliamentaryGroupLabel
http://www.wikidata.org/entity/Q4700938,Akihiro Nishimura,https://en.wikipedia.org/wiki/Akihiro_Nishimura_(politician),member of the House of Representatives of Japan,Liberal Democratic Party
http://www.wikidata.org/entity/Q337406,Akihiro Ōta,https://en.wikipedia.org/wiki/Akihiro_Ota,member of the House of Representatives of Japan,Komeito
http://www.wikidata.org/entity/Q4700952,Akihisa Nagashima,https://en.wikipedia.org/wiki/Akihisa_Nagashima,member of the House of Representatives of Japan,Party of Hope
http://www.wikidata.org/entity/Q418206,Akiko Kamei,https://en.wikipedia.org/wiki/Akiko_Kamei,member of the House of Representatives of Japan,Constitutional Democratic Party of Japan
http://www.wikidata.org/entity/Q11585840,Akimasa Ishikawa,https://en.wikipedia.org/wiki/Akimasa_Ishikawa,member of the House of Representatives of Japan,Liberal Democratic Party
http://www.wikidata.org/entity/Q49999,Akinori Eto,https://en.wikipedia.org/wiki/Akinori_Eto,member of the House of Representatives of Japan,Liberal Democratic Party
http://www.wikidata.org/entity/Q3435725,Akio Fukuda,https://en.wikipedia.org/wiki/Akio_Fukuda,member of the House of Representatives of Japan,independent politician
http://www.wikidata.org/entity/Q418675,Akira Amari,https://en.wikipedia.org/wiki/Akira_Amari,member of the House of Representatives of Japan,Liberal Democratic Party
http://www.wikidata.org/entity/Q4701145,Akira Kasai,https://en.wikipedia.org/wiki/Akira_Kasai,member of the House of Representatives of Japan,Japanese Communist Party
http://www.wikidata.org/entity/Q263777,Akira Nagatsuma,https://en.wikipedia.org/wiki/Akira_Nagatsuma,member of the House of Representatives of Japan,Constitutional Democratic Party of Japan
http://www.wikidata.org/entity/Q11546586,Arata Takebe,https://en.wikipedia.org/wiki/Arata_Takebe,member of the House of Representatives of Japan,Liberal Democratic Party
http://www.wikidata.org/entity/Q4803390,Asahiko Mihara,https://en.wikipedia.org/wiki/Asahiko_Mihara,member of the House of Representatives of Japan,Liberal Democratic Party
http://www.wikidata.org/entity/Q11645002,Atsushi Nonaka,https://en.wikipedia.org/wiki/Atsushi_Nonaka,member of the House of Representatives of Japan,Liberal Democratic Party
http://www.wikidata.org/entity/Q4817826,Atsushi Oshima,https://en.wikipedia.org/wiki/Atsushi_Oshima,member of the House of Representatives of Japan,Party of Hope
http://www.wikidata.org/entity/Q41770647,Ayano Kunimitsu,https://en.wikipedia.org/wiki/Ayano_Kunimitsu,member of the House of Representatives of Japan,Liberal Democratic Party
http://www.wikidata.org/entity/Q18701018,Ayuko Kato,https://en.wikipedia.org/wiki/Ayuko_Kato,member of the House of Representatives of Japan,Liberal Democratic Party
http://www.wikidata.org/entity/Q806947,Banri Kaieda,https://en.wikipedia.org/wiki/Banri_Kaieda,member of the House of Representatives of Japan,Constitutional Democratic Party of Japan
http://www.wikidata.org/entity/Q729599,Bunmei Ibuki,https://en.wikipedia.org/wiki/Bunmei_Ibuki,member of the House of Representatives of Japan,Liberal Democratic Party
http://www.wikidata.org/entity/Q5100105,Chinami Nishimura,https://en.wikipedia.org/wiki/Chinami_Nishimura_(politician),member of the House of Representatives of Japan,Constitutional Democratic Party of Japan
http://www.wikidata.org/entity/Q5102671,Chizuko Takahashi,https://en.wikipedia.org/wiki/Chizuko_Takahashi,member of the House of Representatives of Japan,Japanese Communist Party
http://www.wikidata.org/entity/Q41770570,Daiki Michishita,https://en.wikipedia.org/wiki/Daiki_Michishita,member of the House of Representatives of Japan,Constitutional Democratic Party of Japan
http://www.wikidata.org/entity/Q11586644,Daikichi Ishibashi,https://en.wikipedia.org/wiki/Daikichi_Ishibashi,member of the House of Representatives of Japan,Japan Socialist Party
http://www.wikidata.org/entity/Q5209617,Daishiro Yamagiwa,https://en.wikipedia.org/wiki/Daishiro_Yamagiwa,member of the House of Representatives of Japan,Liberal Democratic Party
http://www.wikidata.org/entity/Q11572466,Denny Tamaki,https://en.wikipedia.org/wiki/Denny_Tamaki,member of the House of Representatives of Japan,independent politician
http://www.wikidata.org/entity/Q5349200,Eiichiro Washio,https://en.wikipedia.org/wiki/Eiichiro_Washio,member of the House of Representatives of Japan,independent politician
http://www.wikidata.org/entity/Q1133194,Eisuke Mori,https://en.wikipedia.org/wiki/Eisuke_Mori,member of the House of Representatives of Japan,Liberal Democratic Party
http://www.wikidata.org/entity/Q5371065,Emi Kaneko,https://en.wikipedia.org/wiki/Emi_Kaneko,member of the House of Representatives of Japan,independent politician
http://www.wikidata.org/entity/Q130719882,Fukasaku Jesús,https://en.wikipedia.org/wiki/Jes%C3%BAs_Fukasaku,member of the House of Representatives of Japan,Democratic Party For the People
http://www.wikidata.org/entity/Q1207174,Fukushiro Nukaga,https://en.wikipedia.org/wiki/Fukushiro_Nukaga,member of the House of Representatives of Japan,Liberal Democratic Party
http://www.wikidata.org/entity/Q11461458,Fumiaki Kobayashi,https://en.wikipedia.org/wiki/Fumiaki_Kobayashi_(politician),member of the House of Representatives of Japan,Liberal Democratic Party
http://www.wikidata.org/entity/Q5508556,Fumiaki Matsumoto,https://en.wikipedia.org/wiki/Fumiaki_Matsumoto,member of the House of Representatives of Japan,Liberal Democratic Party
http://www.wikidata.org/entity/Q359480,Fumio Kishida,https://en.wikipedia.org/wiki/Fumio_Kishida,member of the House of Representatives of Japan,Liberal Democratic Party
http://www.wikidata.org/entity/Q5517695,Gaku Hashimoto,https://en.wikipedia.org/wiki/Gaku_Hashimoto,member of the House of Representatives of Japan,Liberal Democratic Party
http://www.wikidata.org/entity/Q5530859,Gen Nakatani,https://en.wikipedia.org/wiki/Gen_Nakatani,member of the House of Representatives of Japan,Liberal Democratic Party
http://www.wikidata.org/entity/Q1135729,Goshi Hosono,https://en.wikipedia.org/wiki/Goshi_Hosono,member of the House of Representatives of Japan,Party of Hope
http://www.wikidata.org/entity/Q20040516,Gō Shinohara,https://en.wikipedia.org/wiki/Go_Shinohara,member of the House of Representatives of Japan,Constitutional Democratic Party of Japan
http://www.wikidata.org/entity/Q5637084,Hachiro Okonogi,https://en.wikipedia.org/wiki/Hachiro_Okonogi,member of the House of Representatives of Japan,Liberal Democratic Party
http://www.wikidata.org/entity/Q5639959,Hajime Funada,https://en.wikipedia.org/wiki/Hajime_Funada,member of the House of Representatives of Japan,Liberal Democratic Party
http://www.wikidata.org/entity/Q5639964,Hajime Hirota,https://en.wikipedia.org/wiki/Hajime_Hirota,member of the House of Representatives of Japan,independent politician
http://www.wikidata.org/entity/Q17158871,Hajime Sasaki,https://en.wikipedia.org/wiki/Hajime_Sasaki,member of the House of Representatives of Japan,Liberal Democratic Party
http://www.wikidata.org/entity/Q11412937,Hajime Yoshikawa,https://en.wikipedia.org/wiki/Hajime_Yoshikawa,member of the House of Representatives of Japan,Social Democratic Party
http://www.wikidata.org/entity/Q1655220,Hakubun Shimomura,https://en.wikipedia.org/wiki/Hakubun_Shimomura,member of the House of Representatives of Japan,Liberal Democratic Party
http://www.wikidata.org/entity/Q20040828,Hayato Suzuki,https://en.wikipedia.org/wiki/Hayato_Suzuki,member of the House of Representatives of Japan,Liberal Democratic Party
http://www.wikidata.org/entity/Q11357294,Hidehiro Mitani,https://en.wikipedia.org/wiki/Hidehiro_Mitani,member of the House of Representatives of Japan,Liberal Democratic Party
http://www.wikidata.org/entity/Q5752395,Hideki Makihara,https://en.wikipedia.org/wiki/Hideki_Makihara,member of the House of Representatives of Japan,Liberal Democratic Party
http://www.wikidata.org/entity/Q11453336,Hideki Miyauchi,https://en.wikipedia.org/wiki/Hideki_Miyauchi,member of the House of Representatives of Japan,Liberal Democratic Party
http://www.wikidata.org/entity/Q11523004,Hideki Murai,https://en.wikipedia.org/wiki/Hideki_Murai,member of the House of Representatives of Japan,Liberal Democratic Party
http://www.wikidata.org/entity/Q5752415,Hideki Niwa,https://en.wikipedia.org/wiki/Hideki_Niwa,member of the House of Representatives of Japan,Liberal Democratic Party
http://www.wikidata.org/entity/Q11438916,Hideo Ōnishi,https://en.wikipedia.org/wiki/Hideo_%C5%8Cnishi,member of the House of Representatives of Japan,Liberal Democratic Party
http://www.wikidata.org/entity/Q41770730,Hideshi Futori,https://en.wikipedia.org/wiki/Hideshi_Futori,member of the House of Representatives of Japan,Constitutional Democratic Party of Japan
http://www.wikidata.org/entity/Q11519999,Hiranao Honda,https://en.wikipedia.org/wiki/Hiranao_Honda,member of the House of Representatives of Japan,Constitutional Democratic Party of Japan
http://www.wikidata.org/entity/Q17158549,Hiroaki Saitō,https://en.wikipedia.org/wiki/Hiroaki_Saito,member of the House of Representatives of Japan,Liberal Democratic Party
http://www.wikidata.org/entity/Q11577205,Hiroaki Tabata,https://en.wikipedia.org/wiki/Hiroaki_Tabata,member of the House of Representatives of Japan,Liberal Democratic Party
http://www.wikidata.org/entity/Q1155448,Hirofumi Hirano,https://en.wikipedia.org/wiki/Hirofumi_Hirano,member of the House of Representatives of Japan,independent politician
http://www.wikidata.org/entity/Q5770152,Hirofumi Ryu,https://en.wikipedia.org/wiki/Hirofumi_Ryu,member of the House of Representatives of Japan,Party of Hope
http://www.wikidata.org/entity/Q1620229,Hirohiko Izumida,https://en.wikipedia.org/wiki/Hirohiko_Izumida,member of the House of Representatives of Japan,Liberal Democratic Party
http://www.wikidata.org/entity/Q5770251,Hirokazu Matsuno,https://en.wikipedia.org/wiki/Hirokazu_Matsuno,member of the House of Representatives of Japan,Liberal Democratic Party
http://www.wikidata.org/entity/Q11367646,Hiromasa Nakano,https://en.wikipedia.org/wiki/Hiromasa_Nakano,member of the House of Representatives of Japan,Komeito
http://www.wikidata.org/entity/Q11568677,Hiromichi Kumada,https://en.wikipedia.org/wiki/Hiromichi_Kumada,member of the House of Representatives of Japan,Liberal Democratic Party
http://www.wikidata.org/entity/Q11562133,Hiromichi Watanabe,https://en.wikipedia.org/wiki/Hiromichi_Watanabe,member of the House of Representatives of Japan,Liberal Democratic Party
http://www.wikidata.org/entity/Q41770869,Hiroo Kodera,https://en.wikipedia.org/wiki/Hiroo_Kotera,member of the House of Representatives of Japan,Liberal Democratic Party
http://www.wikidata.org/entity/Q5770815,Hiroshi Hiraguchi,https://en.wikipedia.org/wiki/Hiroshi_Hiraguchi,member of the House of Representatives of Japan,Liberal Democratic Party
http://www.wikidata.org/entity/Q5770884,Hiroshi Kajiyama,https://en.wikipedia.org/wiki/Hiroshi_Kajiyama_(politician),member of the House of Representatives of Japan,Liberal Democratic Party
http://www.wikidata.org/entity/Q41618899,Hiroshi Kamiya,https://en.wikipedia.org/wiki/Hiroshi_Kamiya_(politician),member of the House of Representatives of Japan,Constitutional Democratic Party of Japan
http://www.wikidata.org/entity/Q5770910,Hiroshi Kawauchi,https://en.wikipedia.org/wiki/Hiroshi_Kawauchi,member of the House of Representatives of Japan,Constitutional Democratic Party of Japan
http://www.wikidata.org/entity/Q337762,Hiroshi Moriyama,https://en.wikipedia.org/wiki/Hiroshi_Moriyama,member of the House of Representatives of Japan,Liberal Democratic Party
http://www.wikidata.org/entity/Q5771003,Hiroshi Ogushi,https://en.wikipedia.org/wiki/Hiroshi_Ogushi,member of the House of Representatives of Japan,Party of Hope
http://www.wikidata.org/entity/Q582685,Hirotaka Akamatsu,https://en.wikipedia.org/wiki/Hirotaka_Akamatsu,member of the House of Representatives of Japan,Constitutional Democratic Party of Japan
http://www.wikidata.org/entity/Q506730,Hirotaka Ishihara,https://en.wikipedia.org/wiki/Hirotaka_Ishihara,member of the House of Representatives of Japan,Liberal Democratic Party
http://www.wikidata.org/entity/Q11602573,Hiroyoshi Sasagawa,https://en.wikipedia.org/wiki/Hiroyoshi_Sasagawa,member of the House of Representatives of Japan,Liberal Democratic Party
http://www.wikidata.org/entity/Q11365989,Hiroyuki Nakamura,https://en.wikipedia.org/wiki/Hiroyuki_Nakamura,member of the House of Representatives of Japan,Liberal Democratic Party
http://www.wikidata.org/entity/Q457774,Hiroyuki Sonoda,https://en.wikipedia.org/wiki/Hiroyuki_Sonoda,member of the House of Representatives of Japan,Liberal Democratic Party
http://www.wikidata.org/entity/Q11395120,Hiroyuki Togashi,https://en.wikipedia.org/wiki/Hiroyuki_Togashi,member of the House of Representatives of Japan,Liberal Democratic Party
http://www.wikidata.org/entity/Q11609955,Hiroyuki Yoshiie,https://en.wikipedia.org/wiki/Hiroyuki_Yoshiie,member of the House of Representatives of Japan,Liberal Democratic Party
http://www.wikidata.org/entity/Q11596723,Hisashi Inatsu,https://en.wikipedia.org/wiki/Hisashi_Inatsu,member of the House of Representatives of Japan,Komeito
http://www.wikidata.org/entity/Q11622818,Hisayuki Fujii,https://en.wikipedia.org/wiki/Hisayuki_Fujii,member of the House of Representatives of Japan,Liberal Democratic Party
http://www.wikidata.org/entity/Q11677736,Hitoshi Kikawada,https://en.wikipedia.org/wiki/Hitoshi_Kikawada,member of the House of Representatives of Japan,Liberal Democratic Party
http://www.wikidata.org/entity/Q11368259,Hodaka Maruyama,https://en.wikipedia.org/wiki/Hodaka_Maruyama,member of the House of Representatives of Japan,Nippon Ishin no Kai
http://www.wikidata.org/entity/Q467453,Ichiro Aisawa,https://en.wikipedia.org/wiki/Ichiro_Aisawa,member of the House of Representatives of Japan,Liberal Democratic Party
http://www.wikidata.org/entity/Q5986289,Ichiro Miyashita,https://en.wikipedia.org/wiki/Ichiro_Miyashita,member of the House of Representatives of Japan,Liberal Democratic Party
http://www.wikidata.org/entity/Q730991,Ichirō Kamoshita,https://en.wikipedia.org/wiki/Ichir%C5%8D_Kamoshita,member of the House of Representatives of Japan,Liberal Democratic Party
http://www.wikidata.org/entity/Q459998,Ichirō Ozawa,https://en.wikipedia.org/wiki/Ichir%C5%8D_Ozawa,member of the House of Representatives of Japan,independent politician
http://www.wikidata.org/entity/Q11470885,Ikuo Yamahana,https://en.wikipedia.org/wiki/Ikuo_Yamahana,member of the House of Representatives of Japan,Constitutional Democratic Party of Japan
http://www.wikidata.org/entity/Q11619136,Isshu Sugawara,https://en.wikipedia.org/wiki/Isshu_Sugawara,member of the House of Representatives of Japan,Liberal Democratic Party
http://www.wikidata.org/entity/Q49969,Itsunori Onodera,https://en.wikipedia.org/wiki/Itsunori_Onodera,member of the House of Representatives of Japan,Liberal Democratic Party
http://www.wikidata.org/entity/Q1336805,Jin Matsubara,https://en.wikipedia.org/wiki/Jin_Matsubara,member of the House of Representatives of Japan,Party of Hope
http://www.wikidata.org/entity/Q6203082,Jiro Akama,https://en.wikipedia.org/wiki/Jiro_Akama,member of the House of Representatives of Japan,Liberal Democratic Party
http://www.wikidata.org/entity/Q17219387,Jirō Hatoyama,https://en.wikipedia.org/wiki/Jiro_Hatoyama,member of the House of Representatives of Japan,Liberal Democratic Party
http://www.wikidata.org/entity/Q1689655,Jirō Kawasaki,https://en.wikipedia.org/wiki/Jir%C5%8D_Kawasaki,member of the House of Representatives of Japan,Liberal Democratic Party
http://www.wikidata.org/entity/Q41770594,Jirō Kimura,https://en.wikipedia.org/wiki/Jiro_Kimura,member of the House of Representatives of Japan,Liberal Democratic Party
http://www.wikidata.org/entity/Q212400,Jun Azumi,https://en.wikipedia.org/wiki/Jun_Azumi,member of the House of Representatives of Japan,independent politician
http://www.wikidata.org/entity/Q6311513,Jun Matsumoto,https://en.wikipedia.org/wiki/Jun_Matsumoto_(politician),member of the House of Representatives of Japan,Liberal Democratic Party
http://www.wikidata.org/entity/Q11556075,Jun Tsushima,https://en.wikipedia.org/wiki/Jun_Tsushima,member of the House of Representatives of Japan,Liberal Democratic Party
http://www.wikidata.org/entity/Q11649031,Junji Suzuki,https://en.wikipedia.org/wiki/Junji_Suzuki,member of the House of Representatives of Japan,Liberal Democratic Party
http://www.wikidata.org/entity/Q6314413,Junya Ogawa,https://en.wikipedia.org/wiki/Junya_Ogawa,member of the House of Representatives of Japan,Party of Hope
http://www.wikidata.org/entity/Q6360573,Kaname Tajima,https://en.wikipedia.org/wiki/Kaname_Tajima,member of the House of Representatives of Japan,Party of Hope
http://www.wikidata.org/entity/Q1724004,Kantoku Teruya,https://en.wikipedia.org/wiki/Kantoku_Teruya,member of the House of Representatives of Japan,Social Democratic Party
http://www.wikidata.org/entity/Q6378065,Katsuei Hirasawa,https://en.wikipedia.org/wiki/Katsuei_Hirasawa,member of the House of Representatives of Japan,Liberal Democratic Party
http://www.wikidata.org/entity/Q3547232,Katsuhiko Yokomitsu,https://en.wikipedia.org/wiki/Katsuhiko_Yokomitsu,member of the House of Representatives of Japan,Constitutional Democratic Party of Japan
http://www.wikidata.org/entity/Q11364418,Katsuhito Nakajima,https://en.wikipedia.org/wiki/Katsuhito_Nakajima,member of the House of Representatives of Japan,independent politician
http://www.wikidata.org/entity/Q11647681,Katsutoshi Kaneda,https://en.wikipedia.org/wiki/Katsutoshi_Kaneda,member of the House of Representatives of Japan,Liberal Democratic Party
http://www.wikidata.org/entity/Q513317,Katsuya Okada,https://en.wikipedia.org/wiki/Katsuya_Okada,member of the House of Representatives of Japan,independent politician
http://www.wikidata.org/entity/Q11553342,Katsuyuki Kawai,https://en.wikipedia.org/wiki/Katsuyuki_Kawai,member of the House of Representatives of Japan,Liberal Democratic Party
http://www.wikidata.org/entity/Q11475456,Kazuchika Iwata,https://en.wikipedia.org/wiki/Kazuchika_Iwata,member of the House of Representatives of Japan,Liberal Democratic Party
http://www.wikidata.org/entity/Q11644760,Kazuhiko Shigetoku,https://en.wikipedia.org/wiki/Kazuhiko_Shigetoku,member of the House of Representatives of Japan,independent politician
http://www.wikidata.org/entity/Q548239,Kazuhiro Haraguchi,https://en.wikipedia.org/wiki/Kazuhiro_Haraguchi,member of the House of Representatives of Japan,independent politician
http://www.wikidata.org/entity/Q41770753,Kazuma Nakatani,https://en.wikipedia.org/wiki/Kazuma_Nakatani,member of the House of Representatives of Japan,Constitutional Democratic Party of Japan
http://www.wikidata.org/entity/Q11522062,Kazumi Sugimoto,https://en.wikipedia.org/wiki/Kazumi_Sugimoto,member of the House of Representatives of Japan,Nippon Ishin no Kai
http://www.wikidata.org/entity/Q6381615,Kazunori Tanaka,https://en.wikipedia.org/wiki/Kazunori_Tanaka,member of the House of Representatives of Japan,Liberal Democratic Party
http://www.wikidata.org/entity/Q6381645,Kazuo Kitagawa,https://en.wikipedia.org/wiki/Kazuo_Kitagawa,member of the House of Representatives of Japan,Komeito
http://www.wikidata.org/entity/Q337507,Kazuo Shii,https://en.wikipedia.org/wiki/Kazuo_Shii,member of the House of Representatives of Japan,Japanese Communist Party
http://www.wikidata.org/entity/Q11603860,Kazuo Yana,https://en.wikipedia.org/wiki/Kazuo_Yana,member of the House of Representatives of Japan,Liberal Democratic Party
http://www.wikidata.org/entity/Q11638747,Kazuya Kondō,https://en.wikipedia.org/wiki/Kazuya_Kondo,member of the House of Representatives of Japan,Party of Hope
http://www.wikidata.org/entity/Q6381788,Kazuyoshi Akaba,https://en.wikipedia.org/wiki/Kazuyoshi_Akaba,member of the House of Representatives of Japan,Komeito
http://www.wikidata.org/entity/Q6381814,Kazuyuki Nakane,https://en.wikipedia.org/wiki/Kazuyuki_Nakane,member of the House of Representatives of Japan,Liberal Democratic Party
http://www.wikidata.org/entity/Q41805239,Kei Takagi,https://en.wikipedia.org/wiki/Kei_Takagi,member of the House of Representatives of Japan,Liberal Democratic Party
http://www.wikidata.org/entity/Q6383605,Keigo Masuya,https://en.wikipedia.org/wiki/Keigo_Masuya,member of the House of Representatives of Japan,Komeito
http://www.wikidata.org/entity/Q1737905,Keiichi Ishii,https://en.wikipedia.org/wiki/Keiichi_Ishii,member of the House of Representatives of Japan,Komeito
http://www.wikidata.org/entity/Q11544282,Keiichirō Tachibana,https://en.wikipedia.org/wiki/Keiichiro_Tachibana,member of the House of Representatives of Japan,Liberal Democratic Party
http://www.wikidata.org/entity/Q1704969,Keiji Furuya,https://en.wikipedia.org/wiki/Keiji_Furuya,member of the House of Representatives of Japan,Liberal Democratic Party
http://www.wikidata.org/entity/Q6383646,Keiji Kokuta,https://en.wikipedia.org/wiki/Keiji_Kokuta,member of the House of Representatives of Japan,Japanese Communist Party
http://www.wikidata.org/entity/Q6383690,Keiko Nagaoka,https://en.wikipedia.org/wiki/Keiko_Nagaoka,member of the House of Representatives of Japan,Liberal Democratic Party
http://www.wikidata.org/entity/Q6383909,Keisuke Suzuki,https://en.wikipedia.org/wiki/Keisuke_Suzuki,member of the House of Representatives of Japan,Liberal Democratic Party
http://www.wikidata.org/entity/Q6383911,Keisuke Tsumura,https://en.wikipedia.org/wiki/Keisuke_Tsumura,member of the House of Representatives of Japan,Party of Hope
http://www.wikidata.org/entity/Q11439619,Keitaro Ohno,https://en.wikipedia.org/wiki/Keitaro_Ohno,member of the House of Representatives of Japan,Liberal Democratic Party
http://www.wikidata.org/entity/Q11679075,Ken Saitō,https://en.wikipedia.org/wiki/Ken_Sait%C5%8D,member of the House of Representatives of Japan,Liberal Democratic Party
http://www.wikidata.org/entity/Q11606064,Ken'ichi Hosoda,https://en.wikipedia.org/wiki/Kenichi_Hosoda,member of the House of Representatives of Japan,Liberal Democratic Party
http://www.wikidata.org/entity/Q6389276,Kenichiro Ueno,https://en.wikipedia.org/wiki/Kenichiro_Ueno,member of the House of Representatives of Japan,Liberal Democratic Party
http://www.wikidata.org/entity/Q6389323,Kenji Eda,https://en.wikipedia.org/wiki/Kenji_Eda,member of the House of Representatives of Japan,independent politician
http://www.wikidata.org/entity/Q6389383,Kenji Wakamiya,https://en.wikipedia.org/wiki/Kenji_Wakamiya,member of the House of Representatives of Japan,Liberal Democratic Party
http://www.wikidata.org/entity/Q11470671,Kenji Yamada,https://en.wikipedia.org/wiki/Kenji_Yamada_(politician),member of the House of Representatives of Japan,Liberal Democratic Party
http://www.wikidata.org/entity/Q11438832,Kensuke Ōnishi,https://en.wikipedia.org/wiki/Kensuke_Onishi,member of the House of Representatives of Japan,Party of Hope
http://www.wikidata.org/entity/Q6391984,Kenta Izumi,https://en.wikipedia.org/wiki/Kenta_Izumi,member of the House of Representatives of Japan,Party of Hope
http://www.wikidata.org/entity/Q1965622,Kentaro Sonoura,https://en.wikipedia.org/wiki/Kentaro_Sonoura,member of the House of Representatives of Japan,Liberal Democratic Party
http://www.wikidata.org/entity/Q11520430,Kentarō Motomura,https://en.wikipedia.org/wiki/Kentaro_Motomura,member of the House of Representatives of Japan,Party of Hope
http://www.wikidata.org/entity/Q49996,Kenya Akiba,https://en.wikipedia.org/wiki/Kenya_Akiba,member of the House of Representatives of Japan,Liberal Democratic Party
http://www.wikidata.org/entity/Q11578505,Kimie Hatano,https://en.wikipedia.org/wiki/Kimie_Hatano,member of the House of Representatives of Japan,Japanese Communist Party
http://www.wikidata.org/entity/Q1133136,Kisaburo Tokai,https://en.wikipedia.org/wiki/Kisaburo_Tokai,member of the House of Representatives of Japan,Liberal Democratic Party
http://www.wikidata.org/entity/Q6416606,Kishirō Nakamura,https://en.wikipedia.org/wiki/Kishir%C5%8D_Nakamura,member of the House of Representatives of Japan,independent politician
http://www.wikidata.org/entity/Q6418998,Kiyohiko Toyama,https://en.wikipedia.org/wiki/Kiyohiko_Toyama,member of the House of Representatives of Japan,Komeito
http://www.wikidata.org/entity/Q405533,Kiyomi Tsujimoto,https://en.wikipedia.org/wiki/Kiyomi_Tsujimoto,member of the House of Representatives of Japan,Constitutional Democratic Party of Japan
http://www.wikidata.org/entity/Q11638274,Kiyoto Tsuji,https://en.wikipedia.org/wiki/Kiyoto_Tsuji,member of the House of Representatives of Japan,Liberal Democratic Party
http://www.wikidata.org/entity/Q6426211,Koichi Hagiuda,https://en.wikipedia.org/wiki/K%C5%8Dichi_Hagiuda,member of the House of Representatives of Japan,Liberal Democratic Party
http://www.wikidata.org/entity/Q6426240,Koichi Tani,https://en.wikipedia.org/wiki/Koichi_Tani,member of the House of Representatives of Japan,Liberal Democratic Party
http://www.wikidata.org/entity/Q11466402,Koichi Yamauchi,https://en.wikipedia.org/wiki/Koichi_Yamauchi,member of the House of Representatives of Japan,Constitutional Democratic Party of Japan
http://www.wikidata.org/entity/Q6426455,Koji Sato,https://en.wikipedia.org/wiki/Koji_Sato_(politician),member of the House of Representatives of Japan,Party of Hope
http://www.wikidata.org/entity/Q11629931,Kosaburo Nishime,https://en.wikipedia.org/wiki/Kosaburo_Nishime,member of the House of Representatives of Japan,Liberal Democratic Party
http://www.wikidata.org/entity/Q6435368,Kozo Yamamoto,https://en.wikipedia.org/wiki/Kozo_Yamamoto,member of the House of Representatives of Japan,Liberal Democratic Party
http://www.wikidata.org/entity/Q58213,Kōichirō Genba,https://en.wikipedia.org/wiki/K%C5%8Dichir%C5%8D_Genba,member of the House of Representatives of Japan,independent politician
http://www.wikidata.org/entity/Q11422694,Kōnosuke Kokuba,https://en.wikipedia.org/wiki/Konosuke_Kokuba,member of the House of Representatives of Japan,Liberal Democratic Party
http://www.wikidata.org/entity/Q41770579,Maki Ikeda,https://en.wikipedia.org/wiki/Maki_Ikeda,member of the House of Representatives of Japan,Constitutional Democratic Party of Japan
http://www.wikidata.org/entity/Q6739516,Makiko Kikuta,https://en.wikipedia.org/wiki/Makiko_Kikuta,member of the House of Representatives of Japan,independent politician
http://www.wikidata.org/entity/Q11673487,Makoto Oniki,https://en.wikipedia.org/wiki/Makoto_Oniki_(House_of_Representatives),member of the House of Representatives of Japan,Liberal Democratic Party
http://www.wikidata.org/entity/Q1131407,Manabu Horii,https://en.wikipedia.org/wiki/Manabu_Horii,member of the House of Representatives of Japan,Liberal Democratic Party
http://www.wikidata.org/entity/Q6746574,Manabu Sakai,https://en.wikipedia.org/wiki/Manabu_Sakai,member of the House of Representatives of Japan,Liberal Democratic Party
http://www.wikidata.org/entity/Q6746585,Manabu Terata,https://en.wikipedia.org/wiki/Manabu_Terata,member of the House of Representatives of Japan,Party of Hope
http://www.wikidata.org/entity/Q6782264,Masaaki Taira,https://en.wikipedia.org/wiki/Masaaki_Taira,member of the House of Representatives of Japan,Liberal Democratic Party
http://www.wikidata.org/entity/Q1906668,Masaharu Nakagawa,https://en.wikipedia.org/wiki/Masaharu_Nakagawa_(House_of_Representatives),member of the House of Representatives of Japan,independent politician
http://www.wikidata.org/entity/Q6782350,Masahiko Shibayama,https://en.wikipedia.org/wiki/Masahiko_Shibayama,member of the House of Representatives of Japan,Liberal Democratic Party
http://www.wikidata.org/entity/Q6782366,Masahiro Imamura,https://en.wikipedia.org/wiki/Masahiro_Imamura,member of the House of Representatives of Japan,Liberal Democratic Party
http://www.wikidata.org/entity/Q41777917,Masahiro Kōmura,https://en.wikipedia.org/wiki/Masahiro_K%C5%8Dmura,member of the House of Representatives of Japan,Liberal Democratic Party
http://www.wikidata.org/entity/Q6782391,Masahito Moriyama,https://en.wikipedia.org/wiki/Masahito_Moriyama,member of the House of Representatives of Japan,Liberal Democratic Party
http://www.wikidata.org/entity/Q17220479,Masakazu Hamachi,https://en.wikipedia.org/wiki/Masakazu_Hamachi,member of the House of Representatives of Japan,Komeito
http://www.wikidata.org/entity/Q11431868,Masaki Ōgushi,https://en.wikipedia.org/wiki/Masaki_Ogushi,member of the House of Representatives of Japan,Liberal Democratic Party
http://www.wikidata.org/entity/Q6782480,Masako Okawara,https://en.wikipedia.org/wiki/Masako_%C5%8Ckawara,member of the House of Representatives of Japan,Constitutional Democratic Party of Japan
http://www.wikidata.org/entity/Q11458942,Masanobu Ogura,https://en.wikipedia.org/wiki/Masanobu_Ogura,member of the House of Representatives of Japan,Liberal Democratic Party
http://www.wikidata.org/entity/Q11376723,Masato Imai,https://en.wikipedia.org/wiki/Masato_Imai,member of the House of Representatives of Japan,Party of Hope
http://www.wikidata.org/entity/Q16263623,Masatoshi Akimoto,https://en.wikipedia.org/wiki/Masatoshi_Akimoto,member of the House of Representatives of Japan,Liberal Democratic Party
http://www.wikidata.org/entity/Q6782738,Masatoshi Ishida,https://en.wikipedia.org/wiki/Masatoshi_Ishida_(politician),member of the House of Representatives of Japan,Liberal Democratic Party
http://www.wikidata.org/entity/Q15220933,Masayoshi Shintani,https://en.wikipedia.org/wiki/Masayoshi_Shintani,member of the House of Representatives of Japan,Liberal Democratic Party
http://www.wikidata.org/entity/Q49949,Masayoshi Yoshino,https://en.wikipedia.org/wiki/Masayoshi_Yoshino,member of the House of Representatives of Japan,Liberal Democratic Party
http://www.wikidata.org/entity/Q41770817,Masayuki Aoyama,https://en.wikipedia.org/wiki/Masayuki_Aoyama,member of the House of Representatives of Japan,Constitutional Democratic Party of Japan
http://www.wikidata.org/entity/Q6782819,Masazumi Gotoda,https://en.wikipedia.org/wiki/Masazumi_Gotoda,member of the House of Representatives of Japan,Liberal Democratic Party
http://www.wikidata.org/entity/Q6837950,Michiyo Takagi,https://en.wikipedia.org/wiki/Michiyo_Takagi,member of the House of Representatives of Japan,Komeito
http://www.wikidata.org/entity/Q6837954,Michiyoshi Yunoki,https://en.wikipedia.org/wiki/Michiyoshi_Yunoki,member of the House of Representatives of Japan,Party of Hope
http://www.wikidata.org/entity/Q6842917,Midori Matsushima,https://en.wikipedia.org/wiki/Midori_Matsushima,member of the House of Representatives of Japan,Liberal Democratic Party
http://www.wikidata.org/entity/Q11470608,Miki Yamada,https://en.wikipedia.org/wiki/Miki_Yamada,member of the House of Representatives of Japan,Liberal Democratic Party
http://www.wikidata.org/entity/Q1761759,Mikio Shimoji,https://en.wikipedia.org/wiki/Mikio_Shimoji,member of the House of Representatives of Japan,Nippon Ishin no Kai
http://www.wikidata.org/entity/Q11518220,Minoru Kihara,https://en.wikipedia.org/wiki/Minoru_Kihara,member of the House of Representatives of Japan,Liberal Democratic Party
http://www.wikidata.org/entity/Q11425985,Minoru Kiuchi,https://en.wikipedia.org/wiki/Minoru_Kiuchi,member of the House of Representatives of Japan,Liberal Democratic Party
http://www.wikidata.org/entity/Q6869306,Minoru Terada,https://en.wikipedia.org/wiki/Minoru_Terada,member of the House of Representatives of Japan,Liberal Democratic Party
http://www.wikidata.org/entity/Q11522313,Mio Sugita,https://en.wikipedia.org/wiki/Mio_Sugita,member of the House of Representatives of Japan,Liberal Democratic Party
http://www.wikidata.org/entity/Q11535033,Mito Kakizawa,https://en.wikipedia.org/wiki/Mito_Kakizawa,member of the House of Representatives of Japan,Party of Hope
http://www.wikidata.org/entity/Q6882969,Mitsu Shimojo,https://en.wikipedia.org/wiki/Mitsu_Shimojo,member of the House of Representatives of Japan,Party of Hope
http://www.wikidata.org/entity/Q1656896,Mitsuhiro Miyakoshi,https://en.wikipedia.org/wiki/Mitsuhiro_Miyakoshi,member of the House of Representatives of Japan,Liberal Democratic Party
http://www.wikidata.org/entity/Q16264927,Mitsunari Okamoto,https://en.wikipedia.org/wiki/Mitsunari_Okamoto,member of the House of Representatives of Japan,Komeito
http://www.wikidata.org/entity/Q6883317,Mitsunori Okamoto,https://en.wikipedia.org/wiki/Mitsunori_Okamoto,member of the House of Representatives of Japan,Party of Hope
http://www.wikidata.org/entity/Q1949760,Motohisa Furukawa,https://en.wikipedia.org/wiki/Motohisa_Furukawa,member of the House of Representatives of Japan,Party of Hope
http://www.wikidata.org/entity/Q926370,Motoo Hayashi,https://en.wikipedia.org/wiki/Motoo_Hayashi,member of the House of Representatives of Japan,Liberal Democratic Party
http://www.wikidata.org/entity/Q614464,Naokazu Takemoto,https://en.wikipedia.org/wiki/Naokazu_Takemoto,member of the House of Representatives of Japan,Liberal Democratic Party
http://www.wikidata.org/entity/Q11561908,Naomi Tokashiki,https://en.wikipedia.org/wiki/Naomi_Tokashiki,member of the House of Representatives of Japan,Liberal Democratic Party
http://www.wikidata.org/entity/Q382089,Nariaki Nakayama,https://en.wikipedia.org/wiki/Nariaki_Nakayama,member of the House of Representatives of Japan,Party of Hope
http://www.wikidata.org/entity/Q49988,Nobuhide Minorikawa,https://en.wikipedia.org/wiki/Nobuhide_Minorikawa,member of the House of Representatives of Japan,Liberal Democratic Party
http://www.wikidata.org/entity/Q11546026,Nobuhide Takemura,https://en.wikipedia.org/wiki/Nobuhide_Takemura,member of the House of Representatives of Japan,Liberal Democratic Party
http://www.wikidata.org/entity/Q18818221,Nobuko Motomura,https://en.wikipedia.org/wiki/Nobuko_Motomura,member of the House of Representatives of Japan,Japanese Communist Party
http://www.wikidata.org/entity/Q1995125,Nobuo Kishi,https://en.wikipedia.org/wiki/Nobuo_Kishi,member of the House of Representatives of Japan,Liberal Democratic Party
http://www.wikidata.org/entity/Q992930,Nobuteru Ishihara,https://en.wikipedia.org/wiki/Nobuteru_Ishihara,member of the House of Representatives of Japan,Liberal Democratic Party
http://www.wikidata.org/entity/Q11667848,Nobuyuki Baba,https://en.wikipedia.org/wiki/Nobuyuki_Baba,member of the House of Representatives of Japan,Nippon Ishin no Kai
http://www.wikidata.org/entity/Q1656878,Norihisa Tamura,https://en.wikipedia.org/wiki/Norihisa_Tamura,member of the House of Representatives of Japan,Liberal Democratic Party
http://www.wikidata.org/entity/Q11648868,Norikazu Suzuki,https://en.wikipedia.org/wiki/Norikazu_Suzuki,member of the House of Representatives of Japan,Liberal Democratic Party
http://www.wikidata.org/entity/Q7051265,Noriko Furuya,https://en.wikipedia.org/wiki/Noriko_Furuya,member of the House of Representatives of Japan,Komeito
http://www.wikidata.org/entity/Q11427301,Noriko Horiuchi,https://en.wikipedia.org/wiki/Noriko_Horiuchi,member of the House of Representatives of Japan,independent politician
http://www.wikidata.org/entity/Q11454668,Noriko Miyagawa,https://en.wikipedia.org/wiki/Noriko_Miyagawa,member of the House of Representatives of Japan,Liberal Democratic Party
http://www.wikidata.org/entity/Q7051315,Norio Mitsuya,https://en.wikipedia.org/wiki/Norio_Mitsuya,member of the House of Representatives of Japan,Liberal Democratic Party
http://www.wikidata.org/entity/Q7051324,Norio Takeuchi,https://en.wikipedia.org/wiki/Norio_Takeuchi,member of the House of Representatives of Japan,Constitutional Democratic Party of Japan
http://www.wikidata.org/entity/Q7051352,Noritoshi Ishida,https://en.wikipedia.org/wiki/Noritoshi_Ishida,member of the House of Representatives of Japan,Komeito
http://www.wikidata.org/entity/Q7385320,Ryosei Akazawa,https://en.wikipedia.org/wiki/Ryosei_Akazawa,member of the House of Representatives of Japan,Liberal Democratic Party
http://www.wikidata.org/entity/Q7385322,Ryosei Tanaka,https://en.wikipedia.org/wiki/Ryosei_Tanaka,member of the House of Representatives of Japan,Liberal Democratic Party
http://www.wikidata.org/entity/Q7385342,Ryota Takeda,https://en.wikipedia.org/wiki/Ryota_Takeda,member of the House of Representatives of Japan,Liberal Democratic Party
http://www.wikidata.org/entity/Q935199,Ryu Shionoya,https://en.wikipedia.org/wiki/Ry%C5%AB_Shionoya,member of the House of Representatives of Japan,Liberal Democratic Party
http://www.wikidata.org/entity/Q11462582,Ryūji Koizumi,https://en.wikipedia.org/wiki/Ryuji_Koizumi,member of the House of Representatives of Japan,independent politician
http://www.wikidata.org/entity/Q41770642,Satoshi Asano,https://en.wikipedia.org/wiki/Satoshi_Asano,member of the House of Representatives of Japan,Party of Hope
http://www.wikidata.org/entity/Q7446686,Seigo Kitamura,https://en.wikipedia.org/wiki/Seigo_Kitamura,member of the House of Representatives of Japan,Liberal Democratic Party
http://www.wikidata.org/entity/Q7446719,Seiichiro Murakami,https://en.wikipedia.org/wiki/Seiichiro_Murakami,member of the House of Representatives of Japan,Liberal Democratic Party
http://www.wikidata.org/entity/Q11518222,Seiji Kihara,https://en.wikipedia.org/wiki/Seiji_Kihara,member of the House of Representatives of Japan,Liberal Democratic Party
http://www.wikidata.org/entity/Q132280,Seiji Maehara,https://en.wikipedia.org/wiki/Seiji_Maehara,member of the House of Representatives of Japan,Party of Hope parliamentary group
http://www.wikidata.org/entity/Q7446737,Seiji Osaka,https://en.wikipedia.org/wiki/Seiji_Osaka,member of the House of Representatives of Japan,independent politician
http://www.wikidata.org/entity/Q7446761,Seiken Akamine,https://en.wikipedia.org/wiki/Seiken_Akamine,member of the House of Representatives of Japan,Japanese Communist Party
http://www.wikidata.org/entity/Q405527,Seishiro Etō,https://en.wikipedia.org/wiki/Seishir%C5%8D_Et%C5%8D,member of the House of Representatives of Japan,Liberal Democratic Party
http://www.wikidata.org/entity/Q7496342,Shigeki Sato,https://en.wikipedia.org/wiki/Shigeki_Sato_(politician),member of the House of Representatives of Japan,Komeito
http://www.wikidata.org/entity/Q1335527,Shigeru Ishiba,https://en.wikipedia.org/wiki/Shigeru_Ishiba,member of the House of Representatives of Japan,Liberal Democratic Party
http://www.wikidata.org/entity/Q7496422,Shigeyuki Goto,https://en.wikipedia.org/wiki/Shigeyuki_Goto,member of the House of Representatives of Japan,Liberal Democratic Party
http://www.wikidata.org/entity/Q7496423,Shigeyuki Tomita,https://en.wikipedia.org/wiki/Shigeyuki_Tomita,member of the House of Representatives of Japan,Komeito
http://www.wikidata.org/entity/Q7477634,Shin'ichi Nakatani,https://en.wikipedia.org/wiki/Shinichi_Nakatani,member of the House of Representatives of Japan,Liberal Democratic Party
http://www.wikidata.org/entity/Q7497524,Shin'ichirō Furumoto,https://en.wikipedia.org/wiki/Shinichiro_Furumoto,member of the House of Representatives of Japan,Party of Hope
http://www.wikidata.org/entity/Q11423241,Shinako Tsuchiya,https://en.wikipedia.org/wiki/Shinako_Tsuchiya,member of the House of Representatives of Japan,Liberal Democratic Party
http://www.wikidata.org/entity/Q7497583,Shinji Inoue,https://en.wikipedia.org/wiki/Shinji_Inoue,member of the House of Representatives of Japan,Liberal Democratic Party
http://www.wikidata.org/entity/Q11462766,Shinji Oguma,https://en.wikipedia.org/wiki/Shinji_Oguma,member of the House of Representatives of Japan,Party of Hope
http://www.wikidata.org/entity/Q462308,Shinji Tarutoko,https://en.wikipedia.org/wiki/Shinji_Tarutoko,member of the House of Representatives of Japan,Party of Hope
http://www.wikidata.org/entity/Q661410,Shinjirō Koizumi,https://en.wikipedia.org/wiki/Shinjir%C5%8D_Koizumi,member of the House of Representatives of Japan,Liberal Democratic Party
http://www.wikidata.org/entity/Q7497769,Shinsuke Okuno,https://en.wikipedia.org/wiki/Shinsuke_Okuno,member of the House of Representatives of Japan,Liberal Democratic Party
http://www.wikidata.org/entity/Q7497782,Shintaro Ito,https://en.wikipedia.org/wiki/Shintaro_Ito,member of the House of Representatives of Japan,Liberal Democratic Party
http://www.wikidata.org/entity/Q132345,Shinzō Abe,https://en.wikipedia.org/wiki/Shinzo_Abe,member of the House of Representatives of Japan,Liberal Democratic Party
http://www.wikidata.org/entity/Q11467778,Shiori Kanno,https://en.wikipedia.org/wiki/Shiori_Yamao,member of the House of Representatives of Japan,independent politician
http://www.wikidata.org/entity/Q653000,Shoichi Kondo,https://en.wikipedia.org/wiki/Shoichi_Kondo,member of the House of Representatives of Japan,Constitutional Democratic Party of Japan
http://www.wikidata.org/entity/Q7504421,Shu Watanabe,https://en.wikipedia.org/wiki/Shu_Watanabe_(politician),member of the House of Representatives of Japan,Party of Hope
http://www.wikidata.org/entity/Q7504756,Shuichi Takatori,https://en.wikipedia.org/wiki/Shuichi_Takatori,member of the House of Representatives of Japan,Liberal Democratic Party
http://www.wikidata.org/entity/Q7504802,Shuji Kira,https://en.wikipedia.org/wiki/Shuji_Kira,member of the House of Representatives of Japan,Party of Hope
http://www.wikidata.org/entity/Q3482658,Shun'ichi Suzuki,https://en.wikipedia.org/wiki/Shun%27ichi_Suzuki_(politician),member of the House of Representatives of Japan,Liberal Democratic Party
http://www.wikidata.org/entity/Q7505080,Shunichi Yamaguchi,https://en.wikipedia.org/wiki/Shunichi_Yamaguchi,member of the House of Representatives of Japan,Liberal Democratic Party
http://www.wikidata.org/entity/Q41770230,Shunsuke Itō,https://en.wikipedia.org/wiki/Shunsuke_Ito_(politician),member of the House of Representatives of Japan,Party of Hope
http://www.wikidata.org/entity/Q7505129,Shunsuke Mutai,https://en.wikipedia.org/wiki/Shunsuke_Mutai,member of the House of Representatives of Japan,Liberal Democratic Party
http://www.wikidata.org/entity/Q41770784,Shōji Nishida,https://en.wikipedia.org/wiki/Shoji_Nishida_(House_of_Representatives),member of the House of Representatives of Japan,Liberal Democratic Party
http://www.wikidata.org/entity/Q11475894,Shūhei Kishimoto,https://en.wikipedia.org/wiki/Sh%C5%ABhei_Kishimoto,member of the House of Representatives of Japan,Party of Hope
http://www.wikidata.org/entity/Q11566187,Susumu Hamamura,https://en.wikipedia.org/wiki/Susumu_Hamamura,member of the House of Representatives of Japan,Komeito
http://www.wikidata.org/entity/Q11377132,Sōichirō Imaeda,https://en.wikipedia.org/wiki/Soichiro_Imaeda,member of the House of Representatives of Japan,Liberal Democratic Party
http://www.wikidata.org/entity/Q7674280,Tadahiko Ito,https://en.wikipedia.org/wiki/Tadahiko_Ito,member of the House of Representatives of Japan,Liberal Democratic Party
http://www.wikidata.org/entity/Q49998,Tadamori Ōshima,https://en.wikipedia.org/wiki/Tadamori_%C5%8Cshima,member of the House of Representatives of Japan,Liberal Democratic Party
http://www.wikidata.org/entity/Q11577481,Taidō Tanose,https://en.wikipedia.org/wiki/Taido_Tanose,member of the House of Representatives of Japan,Liberal Democratic Party
http://www.wikidata.org/entity/Q7676160,Taimei Yamaguchi,https://en.wikipedia.org/wiki/Taimei_Yamaguchi,member of the House of Representatives of Japan,Liberal Democratic Party
http://www.wikidata.org/entity/Q11400147,Takaaki Katsumata,https://en.wikipedia.org/wiki/Takaaki_Katsumata,member of the House of Representatives of Japan,Liberal Democratic Party
http://www.wikidata.org/entity/Q18817798,Takaaki Tamura,https://en.wikipedia.org/wiki/Takaaki_Tamura,member of the House of Representatives of Japan,Japanese Communist Party
http://www.wikidata.org/entity/Q11678114,Takahiro Kuroiwa,https://en.wikipedia.org/wiki/Takahiro_Kuroiwa,member of the House of Representatives of Japan,independent politician
http://www.wikidata.org/entity/Q7677066,Takahiro Sasaki,https://en.wikipedia.org/wiki/Takahiro_Sasaki_(politician),member of the House of Representatives of Japan,Constitutional Democratic Party of Japan
http://www.wikidata.org/entity/Q17160031,Takako Suzuki,https://en.wikipedia.org/wiki/Takako_Suzuki,member of the House of Representatives of Japan,Liberal Democratic Party
http://www.wikidata.org/entity/Q7677226,Takao Ochi,https://en.wikipedia.org/wiki/Takao_Ochi,member of the House of Representatives of Japan,Liberal Democratic Party
http://www.wikidata.org/entity/Q11642258,Takashi Endō,https://en.wikipedia.org/wiki/Takashi_Endo,member of the House of Representatives of Japan,Nippon Ishin no Kai
http://www.wikidata.org/entity/Q11623218,Takashi Fujiwara,https://en.wikipedia.org/wiki/Takashi_Fujiwara,member of the House of Representatives of Japan,Liberal Democratic Party
http://www.wikidata.org/entity/Q11425971,Takashi Kii,https://en.wikipedia.org/wiki/Takashi_Kii,member of the House of Representatives of Japan,Party of Hope
http://www.wikidata.org/entity/Q41770614,Takashi Midorikawa,https://en.wikipedia.org/wiki/Takashi_Midorikawa,member of the House of Representatives of Japan,Party of Hope
http://www.wikidata.org/entity/Q7677369,Takashi Shinohara,https://en.wikipedia.org/wiki/Takashi_Shinohara,member of the House of Representatives of Japan,independent politician
http://www.wikidata.org/entity/Q11668691,Takashi Takai,https://en.wikipedia.org/wiki/Takashi_Takai,member of the House of Representatives of Japan,Constitutional Democratic Party of Japan
http://www.wikidata.org/entity/Q7677383,Takashi Tanihata,https://en.wikipedia.org/wiki/Takashi_Tanihata,member of the House of Representatives of Japan,Nippon Ishin no Kai
http://www.wikidata.org/entity/Q11466071,Takashi Yamashita,https://en.wikipedia.org/wiki/Takashi_Yamashita,member of the House of Representatives of Japan,Liberal Democratic Party
http://www.wikidata.org/entity/Q7677366,Takashi Ōtsuka,https://en.wikipedia.org/wiki/Takashi_%C5%8Ctsuka,member of the House of Representatives of Japan,Liberal Democratic Party
http://www.wikidata.org/entity/Q18700919,Takayuki Ochiai,https://en.wikipedia.org/wiki/Takayuki_Ochiai,member of the House of Representatives of Japan,Constitutional Democratic Party of Japan
http://www.wikidata.org/entity/Q1315762,Takeaki Matsumoto,https://en.wikipedia.org/wiki/Takeaki_Matsumoto,member of the House of Representatives of Japan,Liberal Democratic Party
http://www.wikidata.org/entity/Q382311,Takeo Kawamura,https://en.wikipedia.org/wiki/Takeo_Kawamura_(politician),member of the House of Representatives of Japan,Liberal Democratic Party
http://www.wikidata.org/entity/Q1654639,Takeshi Iwaya,https://en.wikipedia.org/wiki/Takeshi_Iwaya,member of the House of Representatives of Japan,Liberal Democratic Party
http://www.wikidata.org/entity/Q11454828,Takeshi Miyamoto,https://en.wikipedia.org/wiki/Takeshi_Miyamoto,member of the House of Representatives of Japan,Japanese Communist Party
http://www.wikidata.org/entity/Q11646016,Takeshi Noda,https://en.wikipedia.org/wiki/Takeshi_Noda,member of the House of Representatives of Japan,Liberal Democratic Party
http://www.wikidata.org/entity/Q49875,Takeshi Shina,https://en.wikipedia.org/wiki/Takeshi_Shina,member of the House of Representatives of Japan,Party of Hope
http://www.wikidata.org/entity/Q7678527,Taku Etō,https://en.wikipedia.org/wiki/Taku_Et%C5%8D,member of the House of Representatives of Japan,Liberal Democratic Party
http://www.wikidata.org/entity/Q7678543,Taku Yamamoto,https://en.wikipedia.org/wiki/Taku_Yamamoto,member of the House of Representatives of Japan,Liberal Democratic Party
http://www.wikidata.org/entity/Q7678536,Taku Ōtsuka,https://en.wikipedia.org/wiki/Taku_Otsuka,member of the House of Representatives of Japan,Liberal Democratic Party
http://www.wikidata.org/entity/Q21655823,Takuma Miyaji,https://en.wikipedia.org/wiki/Takuma_Miyaji,member of the House of Representatives of Japan,Liberal Democratic Party
http://www.wikidata.org/entity/Q1704924,Takumi Nemoto,https://en.wikipedia.org/wiki/Takumi_Nemoto,member of the House of Representatives of Japan,Liberal Democratic Party
http://www.wikidata.org/entity/Q7678622,Takuya Hirai,https://en.wikipedia.org/wiki/Takuya_Hirai,member of the House of Representatives of Japan,Liberal Democratic Party
http://www.wikidata.org/entity/Q1161024,Taro Kono,https://en.wikipedia.org/wiki/Taro_Kono,member of the House of Representatives of Japan,Liberal Democratic Party
http://www.wikidata.org/entity/Q132596,Tarō Asō,https://en.wikipedia.org/wiki/Tar%C5%8D_As%C5%8D,member of the House of Representatives of Japan,Liberal Democratic Party
http://www.wikidata.org/entity/Q41770873,Tarō Honda,https://en.wikipedia.org/wiki/Taro_Honda,member of the House of Representatives of Japan,Liberal Democratic Party
http://www.wikidata.org/entity/Q11467842,Tatsumaru Yamaoka,https://en.wikipedia.org/wiki/Tatsumaru_Yamaoka,member of the House of Representatives of Japan,Party of Hope
http://www.wikidata.org/entity/Q11373633,Tatsunori Ibayashi,https://en.wikipedia.org/wiki/Tatsunori_Ibayashi,member of the House of Representatives of Japan,Liberal Democratic Party
http://www.wikidata.org/entity/Q2506910,Tatsuo Fukuda,https://en.wikipedia.org/wiki/Tatsuo_Fukuda,member of the House of Representatives of Japan,Liberal Democratic Party
http://www.wikidata.org/entity/Q614476,Tatsuya Ito,https://en.wikipedia.org/wiki/Tatsuya_Ito_(politician),member of the House of Representatives of Japan,Liberal Democratic Party
http://www.wikidata.org/entity/Q7705291,Teru Fukui,https://en.wikipedia.org/wiki/Teru_Fukui,member of the House of Representatives of Japan,Liberal Democratic Party
http://www.wikidata.org/entity/Q7706881,Tetsuma Esaki,https://en.wikipedia.org/wiki/Tetsuma_Esaki,member of the House of Representatives of Japan,Liberal Democratic Party
http://www.wikidata.org/entity/Q7706925,Tetsushi Sakamoto,https://en.wikipedia.org/wiki/Tetsushi_Sakamoto,member of the House of Representatives of Japan,Liberal Democratic Party
http://www.wikidata.org/entity/Q7706956,Tetsuya Shiokawa,https://en.wikipedia.org/wiki/Tetsuya_Shiokawa,member of the House of Representatives of Japan,Japanese Communist Party
http://www.wikidata.org/entity/Q11469130,Tomohiro Yamamoto,https://en.wikipedia.org/wiki/Tomohiro_Yamamoto,member of the House of Representatives of Japan,Liberal Democratic Party
http://www.wikidata.org/entity/Q516232,Tomoko Abe,https://en.wikipedia.org/wiki/Tomoko_Abe,member of the House of Representatives of Japan,Constitutional Democratic Party of Japan
http://www.wikidata.org/entity/Q7820173,Tomoko Ukishima,https://en.wikipedia.org/wiki/Tomoko_Ukishima,member of the House of Representatives of Japan,Komeito
http://www.wikidata.org/entity/Q1654408,Tomomi Inada,https://en.wikipedia.org/wiki/Tomomi_Inada,member of the House of Representatives of Japan,Liberal Democratic Party
http://www.wikidata.org/entity/Q18818200,Toru Miyamoto,https://en.wikipedia.org/wiki/Toru_Miyamoto_(politician),member of the House of Representatives of Japan,Japanese Communist Party
http://www.wikidata.org/entity/Q7827620,Toshiaki Endo,https://en.wikipedia.org/wiki/Toshiaki_Endo,member of the House of Representatives of Japan,Liberal Democratic Party
http://www.wikidata.org/entity/Q1133880,Toshihiro Nikai,https://en.wikipedia.org/wiki/Toshihiro_Nikai,member of the House of Representatives of Japan,Liberal Democratic Party
http://www.wikidata.org/entity/Q7827692,Toshiko Abe,https://en.wikipedia.org/wiki/Toshiko_Abe,member of the House of Representatives of Japan,independent politician
http://www.wikidata.org/entity/Q11373778,Toshirō Ino,https://en.wikipedia.org/wiki/Toshiro_Ino,member of the House of Representatives of Japan,Liberal Democratic Party
http://www.wikidata.org/entity/Q11434738,Toshitaka Ōoka,https://en.wikipedia.org/wiki/Toshitaka_%C5%8Coka,member of the House of Representatives of Japan,Liberal Democratic Party
http://www.wikidata.org/entity/Q7850039,Tsukasa Akimoto,https://en.wikipedia.org/wiki/Tsukasa_Akimoto,member of the House of Representatives of Japan,Liberal Democratic Party
http://www.wikidata.org/entity/Q1133360,Tsutomu Satō,https://en.wikipedia.org/wiki/Tsutomu_Sato_(politician),member of the House of Representatives of Japan,Liberal Democratic Party
http://www.wikidata.org/entity/Q7850337,Tsutomu Tomioka,https://en.wikipedia.org/wiki/Tsutomu_Tomioka,member of the House of Representatives of Japan,Liberal Democratic Party
http://www.wikidata.org/entity/Q11513088,Tsuyoshi Hoshino,https://en.wikipedia.org/wiki/Tsuyoshi_Hoshino,member of the House of Representatives of Japan,Liberal Democratic Party
http://www.wikidata.org/entity/Q704345,Tsuyoshi Yamaguchi,https://en.wikipedia.org/wiki/Tsuyoshi_Yamaguchi_(politician),member of the House of Representatives of Japan,Liberal Democratic Party
http://www.wikidata.org/entity/Q7862709,Tōru Doi,https://en.wikipedia.org/wiki/T%C5%8Dru_Doi,member of the House of Representatives of Japan,Liberal Democratic Party
http://www.wikidata.org/entity/Q23907516,Wada Yoshiaki,https://en.wikipedia.org/wiki/Yoshiaki_Wada,member of the House of Representatives of Japan,Liberal Democratic Party
http://www.wikidata.org/entity/Q7973013,Wataru Ito,https://en.wikipedia.org/wiki/Wataru_Ito,member of the House of Representatives of Japan,Komeito
http://www.wikidata.org/entity/Q2484652,Wataru Takeshita,https://en.wikipedia.org/wiki/Wataru_Takeshita,member of the House of Representatives of Japan,Liberal Democratic Party
http://www.wikidata.org/entity/Q8046971,Yaichi Tanigawa,https://en.wikipedia.org/wiki/Yaichi_Tanigawa,member of the House of Representatives of Japan,Liberal Democratic Party
http://www.wikidata.org/entity/Q18818065,Yasufumi Fujino,https://en.wikipedia.org/wiki/Yasufumi_Fujino,member of the House of Representatives of Japan,Japanese Communist Party
http://www.wikidata.org/entity/Q1340817,Yasufumi Tanahashi,https://en.wikipedia.org/wiki/Yasufumi_Tanahashi,member of the House of Representatives of Japan,Liberal Democratic Party
http://www.wikidata.org/entity/Q8049965,Yasuhide Nakayama,https://en.wikipedia.org/wiki/Yasuhide_Nakayama,member of the House of Representatives of Japan,Liberal Democratic Party
http://www.wikidata.org/entity/Q8049977,Yasuhiro Hanashi,https://en.wikipedia.org/wiki/Yasuhiro_Hanashi,member of the House of Representatives of Japan,Liberal Democratic Party
http://www.wikidata.org/entity/Q8049988,Yasuhiro Ozato,https://en.wikipedia.org/wiki/Yasuhiro_Ozato,member of the House of Representatives of Japan,Liberal Democratic Party
http://www.wikidata.org/entity/Q360395,Yasuhisa Shiozaki,https://en.wikipedia.org/wiki/Yasuhisa_Shiozaki,member of the House of Representatives of Japan,Liberal Democratic Party
http://www.wikidata.org/entity/Q1132836,Yasukazu Hamada,https://en.wikipedia.org/wiki/Yasukazu_Hamada,member of the House of Representatives of Japan,Liberal Democratic Party
http://www.wikidata.org/entity/Q8050022,Yasuko Komiyama,https://en.wikipedia.org/wiki/Yasuko_Komiyama,member of the House of Representatives of Japan,Party of Hope
http://www.wikidata.org/entity/Q2576940,Yasushi Furukawa,https://en.wikipedia.org/wiki/Yasushi_Furukawa_(politician),member of the House of Representatives of Japan,Liberal Democratic Party
http://www.wikidata.org/entity/Q41770690,Yasushi Hosaka,https://en.wikipedia.org/wiki/Yasushi_Hosaka,member of the House of Representatives of Japan,Liberal Democratic Party
http://www.wikidata.org/entity/Q8050092,Yasushi Kaneko,https://en.wikipedia.org/wiki/Yasushi_Kaneko,member of the House of Representatives of Japan,Liberal Democratic Party
http://www.wikidata.org/entity/Q41805157,Yasushi Miura,https://en.wikipedia.org/wiki/Yasushi_Miura,member of the House of Representatives of Japan,Liberal Democratic Party
http://www.wikidata.org/entity/Q41770661,Yasutaka Nakasone,https://en.wikipedia.org/wiki/Yasutaka_Nakasone,member of the House of Representatives of Japan,Liberal Democratic Party
http://www.wikidata.org/entity/Q8050121,Yasutoshi Nishimura,https://en.wikipedia.org/wiki/Yasutoshi_Nishimura,member of the House of Representatives of Japan,Liberal Democratic Party
http://www.wikidata.org/entity/Q8050128,Yasuyuki Eda,https://en.wikipedia.org/wiki/Yasuyuki_Eda,member of the House of Representatives of Japan,Komeito
http://www.wikidata.org/entity/Q5680924,Yohei Matsumoto,https://en.wikipedia.org/wiki/Yohei_Matsumoto,member of the House of Representatives of Japan,Liberal Democratic Party
http://www.wikidata.org/entity/Q8054534,Yoji Muto,https://en.wikipedia.org/wiki/Yoji_Muto,member of the House of Representatives of Japan,Liberal Democratic Party
http://www.wikidata.org/entity/Q8054597,Yoko Wanibuchi,https://en.wikipedia.org/wiki/Yoko_Wanibuchi,member of the House of Representatives of Japan,Komeito
http://www.wikidata.org/entity/Q8055970,Yoshiaki Harada,https://en.wikipedia.org/wiki/Yoshiaki_Harada,member of the House of Representatives of Japan,Liberal Democratic Party
http://www.wikidata.org/entity/Q122465,Yoshihide Suga,https://en.wikipedia.org/wiki/Yoshihide_Suga,member of the House of Representatives of Japan,Liberal Democratic Party
http://www.wikidata.org/entity/Q57647,Yoshihiko Noda,https://en.wikipedia.org/wiki/Yoshihiko_Noda,member of the House of Representatives of Japan,Democratic Party of Japan
http://www.wikidata.org/entity/Q57647,Yoshihiko Noda,https://en.wikipedia.org/wiki/Yoshihiko_Noda,member of the House of Representatives of Japan,independent politician
http://www.wikidata.org/entity/Q8056061,Yoshihiro Seki,https://en.wikipedia.org/wiki/Yoshihiro_Seki,member of the House of Representatives of Japan,Liberal Democratic Party
http://www.wikidata.org/entity/Q8056070,Yoshihisa Furukawa,https://en.wikipedia.org/wiki/Yoshihisa_Furukawa,member of the House of Representatives of Japan,Liberal Democratic Party
http://www.wikidata.org/entity/Q49936,Yoshihisa Inoue,https://en.wikipedia.org/wiki/Yoshihisa_Inoue,member of the House of Representatives of Japan,Komeito
http://www.wikidata.org/entity/Q2576975,Yoshinori Suematsu,https://en.wikipedia.org/wiki/Yoshinori_Suematsu,member of the House of Representatives of Japan,Constitutional Democratic Party of Japan
http://www.wikidata.org/entity/Q11433281,Yoshinori Ōguchi,https://en.wikipedia.org/wiki/Yoshinori_Oguchi,member of the House of Representatives of Japan,Komeito
http://www.wikidata.org/entity/Q8056240,Yoshio Maki,https://en.wikipedia.org/wiki/Yoshio_Maki,member of the House of Representatives of Japan,Party of Hope
http://www.wikidata.org/entity/Q8056243,Yoshio Mochizuki,https://en.wikipedia.org/wiki/Yoshio_Mochizuki,member of the House of Representatives of Japan,Liberal Democratic Party
http://www.wikidata.org/entity/Q11496954,Yoshio Tezuka,https://en.wikipedia.org/wiki/Yoshio_Tezuka,member of the House of Representatives of Japan,Constitutional Democratic Party of Japan
http://www.wikidata.org/entity/Q11379575,Yoshitaka Itō,https://en.wikipedia.org/wiki/Yoshitaka_It%C5%8D,member of the House of Representatives of Japan,Liberal Democratic Party
http://www.wikidata.org/entity/Q8056290,Yoshitaka Sakurada,https://en.wikipedia.org/wiki/Yoshitaka_Sakurada,member of the House of Representatives of Japan,Liberal Democratic Party
http://www.wikidata.org/entity/Q529792,Yoshitaka Shindō,https://en.wikipedia.org/wiki/Yoshitaka_Shind%C5%8D,member of the House of Representatives of Japan,Liberal Democratic Party
http://www.wikidata.org/entity/Q8056299,Yoshitami Kameoka,https://en.wikipedia.org/wiki/Yoshitami_Kameoka,member of the House of Representatives of Japan,Liberal Democratic Party
http://www.wikidata.org/entity/Q8060529,Yuji Yamamoto,https://en.wikipedia.org/wiki/Y%C5%ABji_Yamamoto,member of the House of Representatives of Japan,Liberal Democratic Party
http://www.wikidata.org/entity/Q8060577,Yukari Satō,https://en.wikipedia.org/wiki/Yukari_Sato,member of the House of Representatives of Japan,Liberal Democratic Party
http://www.wikidata.org/entity/Q41770746,Yuki Waseda,https://en.wikipedia.org/wiki/Yuki_Waseda,member of the House of Representatives of Japan,Constitutional Democratic Party of Japan
http://www.wikidata.org/entity/Q11657178,Yukihiko Akutsu,https://en.wikipedia.org/wiki/Yukihiko_Akutsu,member of the House of Representatives of Japan,Constitutional Democratic Party of Japan
http://www.wikidata.org/entity/Q11536382,Yukinori Nemoto,https://en.wikipedia.org/wiki/Yukinori_Nemoto,member of the House of Representatives of Japan,Liberal Democratic Party
http://www.wikidata.org/entity/Q261703,Yuriko Koike,https://en.wikipedia.org/wiki/Yuriko_Koike,member of the House of Representatives of Japan,Liberal Democratic Party
http://www.wikidata.org/entity/Q11598974,Yuzuru Takeuchi,https://en.wikipedia.org/wiki/Yuzuru_Takeuchi,member of the House of Representatives of Japan,Komeito
http://www.wikidata.org/entity/Q11580199,Yōichi Shiraishi,https://en.wikipedia.org/wiki/Yoichi_Shiraishi,member of the House of Representatives of Japan,Party of Hope
http://www.wikidata.org/entity/Q276275,Yōko Kamikawa,https://en.wikipedia.org/wiki/Y%C5%8Dko_Kamikawa,member of the House of Representatives of Japan,Liberal Democratic Party
http://www.wikidata.org/entity/Q11373350,Yōsei Ide,https://en.wikipedia.org/wiki/Yosei_Ide,member of the House of Representatives of Japan,Party of Hope
http://www.wikidata.org/entity/Q8062685,Yōsuke Takagi,https://en.wikipedia.org/wiki/Y%C5%8Dsuke_Takagi,member of the House of Representatives of Japan,Komeito
http://www.wikidata.org/entity/Q11572647,Yūichirō Tamaki,https://en.wikipedia.org/wiki/Yuichiro_Tamaki,member of the House of Representatives of Japan,Party of Hope
http://www.wikidata.org/entity/Q455848,Yūko Obuchi,https://en.wikipedia.org/wiki/Y%C5%ABko_Obuchi,member of the House of Representatives of Japan,Liberal Democratic Party
