ganesh chaturthi,https://x.com/grok/status/1959516819200659871
grok (chatbot),https://x.com/grok/status/1982383601292558751
grok (chatbot),https://x.com/grok/status/1978557968548581830
grok (chatbot),https://x.com/grok/status/1982454130246652232
kamal haasan,https://x.com/grok/status/1934957329478566040
barlas,https://twitter.com/grok/status/1971732953303847168
the twelfth,https://x.com/grok/status/1939746368580637071
eastern orthodoxy by country,https://x.com/grok/status/1978462021470552229
nick fuentes,https://x.com/grok/status/1969964316276449649
persecution of christians in the eastern bloc,https://x.com/grok/status/1951197167718461852
mia khalifa,https://x.com/grok/status/1928097424834449510
hakirya,https://twitter.com/grok/status/1933965769496563976
hakirya,https://twitter.com/grok/status/1934314219081760892
religion in germany,https://x.com/grok/status/1953731434159681984
religion in the soviet union,https://x.com/grok/status/1951197167718461852
krystal ball,https://x.com/grok/status/1967965110120653204
ku klux klan members in united states politics,https://twitter.com/grok/status/1967142789222985741
x.com,https://x.com/grok/status/1978120131751665841
governor of abia state,https://x.com/grok/status/1908604716944158967
governor of lagos state,https://twitter.com/grok/status/1905541603894100448
anton lavey,https://twitter.com/grok/status/1967022117834420719
abdirahman saylici,https://x.com/grok/status/1958541771862090051
abdirahman bin isma'il al-jabarti,https://twitter.com/grok/status/1955482688305106992
matt furie,https://x.com/grok/status/1913014594001604913
mcfarlane toys,https://x.com/grok/status/1938694211165135177
owen benjamin,https://twitter.com/grok/status/1973825520908607936
kabaw valley,https://twitter.com/grok/status/1900603567557251437
bbc scotland,https://x.com/grok/status/1953428030044725600
sarocha chankimha,https://x.com/grok/status/1951167525619900631?lang=en
sarocha chankimha,https://x.com/grok/status/1968648815424225543
theories of jewish responsibility for wars,https://twitter.com/grok/status/1952236680192348583
harvey milk day,https://x.com/grok/status/1930029847327453544?lang=en
"freedom, georgia",https://twitter.com/grok/status/1949835489927913820
marileidy paulino,https://x.com/grok/status/1969111991219601655
list of space programs of the united states,https://x.com/grok/status/1982510366946189704
wesley girls' senior high school,https://twitter.com/grok/status/1953869312818876758
east asia,https://twitter.com/grok/status/1970110806940635311
list of terrorist incidents in 2023,https://twitter.com/grok/status/1949230946055762138
akhtar raza khan,https://twitter.com/grok/status/1919357692902253057
akinwunmi rhodes-vivour,https://twitter.com/grok/status/1965419251298443503
ryan garcia,https://twitter.com/grok/status/1972461265365942406
fc schalke 04,https://x.com/grok/status/1911822131912159334
private spaceflight,https://x.com/grok/status/1912018017707528671
azur lane,https://twitter.com/grok/status/1970646050093629485
tutnese,https://twitter.com/grok/status/1961458828140319163
popasna,https://x.com/grok/status/1978462966279532769
dw news,https://x.com/grok/status/1963993056832889217
david freiheit,https://twitter.com/grok/status/1904979934868619331
jay leno,https://x.com/grok/status/1945997046231785862
zyklon b,https://twitter.com/grok/status/1941081668259127662
"fbi criminal, cyber, response, and services branch",https://twitter.com/grok/status/1968180757664604176
transgender pornography,https://x.com/grok/status/1906763975091425778
tasmac,https://x.com/grok/status/1964719049486868494
list of jewish american businesspeople in media,https://twitter.com/grok/status/1968623241641214086
fred matiang'i,https://x.com/grok/status/1913903897175069071
fred rwigyema,https://twitter.com/grok/status/1948629630061260975
rotimi amaechi,https://x.com/grok/status/1954286566224076941
n. chandrababu naidu,https://x.com/grok/status/1910977397098500170
n. t. rama rao jr.,https://x.com/grok/status/1900958244694286523
yorubaland,https://twitter.com/grok/status/1963630216829702501
rui costa,https://twitter.com/grok/status/1967529670657884639
jaipur metro,https://x.com/grok/status/1977927673839321109
joshua ryne goldberg,https://twitter.com/grok/status/1955093356796920000
tifariti,https://x.com/grok/status/1954867447376560580
ikwerre people,https://x.com/grok/status/1900154184587997225
list of current heads of state and government,https://x.com/grok/status/1954867447376560580
bhutto family,https://twitter.com/grok/status/1929067102331351162
adedeji adeleke,https://x.com/grok/status/1954260418408689940
gleeden,https://twitter.com/grok/status/1903341193087570232
destiny (streamer),https://twitter.com/grok/status/1965210240854671552
take-two interactive,https://twitter.com/grok/status/1969193578305110210
demographics of zimbabwe,https://x.com/grok/status/1978698972287136143
q into the storm,https://x.com/grok/status/1905426843353620851
kenya revenue authority,https://x.com/grok/status/1979882553705369774
kerala police,https://x.com/grok/status/1979839646252364142
legal education,https://x.com/grok/status/1952348136703479995
paganism,https://twitter.com/grok/status/1941185402179813593
jeremy bertino,https://x.com/grok/status/1960720161075499236
hasan piker,https://twitter.com/grok/status/1898550148474585573
bimaal,https://twitter.com/grok/status/1959219668809601533
israel–italy relations,https://x.com/grok/status/1968687915527192605
free energy suppression claims,https://twitter.com/grok/status/1920463749917651043
maya jayapal,https://twitter.com/grok/status/1974588553020760203
vitaly zdorovetskiy,https://x.com/grok/status/1916717442631651363
gorée,https://twitter.com/grok/status/1949900771962876175
pornography in japan,https://x.com/grok/status/1978855033962926388
history of san diego,https://twitter.com/grok/status/1939170708472635766
rabri devi,https://twitter.com/grok/status/1902166636649705733
radhanite,https://twitter.com/grok/status/1949212429562642523
maria farmer,https://twitter.com/grok/status/1963147387800789191
m. k. stalin ministry,https://twitter.com/grok/status/1971456529867174156
shilpi-gautam murder,https://twitter.com/grok/status/1979778066684797229
steven pruitt,https://twitter.com/grok/status/1973563519154135198
rapelay,https://x.com/grok/status/1980634826039496785
indians in japan,https://twitter.com/grok/status/1953194492154257561
mikoyan mig-29k,https://x.com/grok/status/1909902896839172172
list of serving senior officers of the royal navy,https://twitter.com/grok/status/1944011261978763658
ghana police service,https://twitter.com/grok/status/1977359676623958125
cinema of malaysia,https://twitter.com/grok/status/1963311839372304887
podhuvaga emmanasu thangam,https://twitter.com/grok/status/1960605116266111122
pornographic film actor,https://twitter.com/grok/status/1960374644852322791
ashir azeem,https://twitter.com/grok/status/1967128850955202602
asaram,https://twitter.com/grok/status/1964298841508946003
records of prime ministers of the united kingdom,https://twitter.com/grok/status/1968973259401199976
tariq nasheed,https://x.com/grok/status/1952918628212593077
colombian civil war,https://twitter.com/grok/status/1937308747497677133
arab soldiers in the israel defense forces,https://x.com/grok/status/1940255658936553981
death and state funeral of george h. w. bush,https://x.com/grok/status/1929338193650057671
david caprio,https://twitter.com/grok/status/1950726135144427865
david cole (journalist),https://twitter.com/grok/status/1970045853202272492
chatham house,https://twitter.com/grok/status/1968628466955469257
che guevara mausoleum,https://twitter.com/grok/status/1964350615766888484
james woods,https://twitter.com/grok/status/1949161834935996521
james woods,https://twitter.com/grok/status/1968918611088847006
all progressives grand alliance,https://twitter.com/grok/status/1916757862925389901
shrine of abu lu'lu'a,https://x.com/grok/status/1936907088963547591
catturd,https://twitter.com/grok/status/1949175006405317116
catturd,https://twitter.com/grok/status/1980916074662265231
toby turner,https://x.com/grok/status/1920665615729389758
rubén rocha moya,https://x.com/grok/status/1970709472961274345
robert j. shillman,https://twitter.com/grok/status/1970461459613393395
habr awal,https://twitter.com/grok/status/1963463844162146673
scottish nationalism,https://x.com/grok/status/1982453181130154374
japanese people in germany,https://twitter.com/grok/status/1973360395692945649
pericles abbasi,https://x.com/grok/status/1904679910406307946
babu owino,https://x.com/grok/status/1956074680701628921
the israel lobby and u.s. foreign policy,https://x.com/grok/status/1939772746420167141
pakistanis,https://x.com/grok/status/1903820299251966300
apoel fc,https://twitter.com/grok/status/1905358968462979583
list of jewish heads of state and government,https://x.com/grok/status/1951912415144415435
governor of rivers state,https://x.com/grok/status/1954286566224076941
gordon g. chang,https://twitter.com/grok/status/1948352314894602442
nigel farage,https://x.com/grok/status/1949142859237728627
peter obi,https://twitter.com/grok/status/1916990308870672812
peter obi,https://x.com/grok/status/1900279272268333294
nematollah nassiri,https://twitter.com/grok/status/1937149910098604403
eagle of saladin,https://twitter.com/grok/status/1936492956799943066
itamar ben-gvir,https://twitter.com/grok/status/1950564760510218382
height restriction laws,https://twitter.com/grok/status/1971578200376643623
heiko von der leyen,https://x.com/grok/status/1967858369248755904
arsenal f.c. supporters,https://x.com/grok/status/1949482244806226430
nigerian youth movement,https://twitter.com/grok/status/1968065345559974067
order of the niger,https://x.com/grok/status/1950223632640463137
chilevisión,https://x.com/grok/status/1949915337497219263
davido,https://x.com/grok/status/1967555637187162597
indecent assault,https://twitter.com/grok/status/1953912766072586715
james parry,https://twitter.com/grok/status/1913946765801431501
anti-rape device,https://twitter.com/grok/status/1927797765901537425
brian and ed krassenstein,https://x.com/grok/status/1977795089880715502
maclean's,https://twitter.com/grok/status/1929317120179122211
sardar vallabhbhai patel sports enclave,https://twitter.com/grok/status/1964906832125944154
jamar k. walker,https://twitter.com/grok/status/1976678459289280705
gulab raghunath patil,https://twitter.com/grok/status/1904604880934748591
orji uzor kalu,https://x.com/grok/status/1957932424538780117
murat boz,https://twitter.com/grok/status/1957395062171857196
aston,https://x.com/grok/status/1976710318245155050
clinton body count,https://twitter.com/grok/status/1946180154868555812
nitish bharadwaj,https://twitter.com/grok/status/1970494548817387597
transgender erotica awards,https://twitter.com/grok/status/1951373756619956357
mai mala buni,https://twitter.com/grok/status/1970867001368432976
sodomy,https://twitter.com/grok/status/1968518319507710060
leafyishere,https://twitter.com/grok/status/1931781318431711669
ladakh,https://x.com/grok/status/1973719603659542613
ladakhis,https://x.com/grok/status/1973719603659542613
transportation in mexico,https://twitter.com/grok/status/1920494021379829783
tiong hiew king,https://x.com/grok/status/1980842095402447252
ava max,https://x.com/grok/status/1941371937600700439
béla bollobás,https://twitter.com/grok/status/1954693433324618199
banu hanifa,https://x.com/grok/status/1911144784103903296
pasupathy pandian,https://x.com/grok/status/1979460175674380580
contrapoints,https://x.com/grok/status/1957718124557660562
vanderbilt commodores,https://x.com/grok/status/1971714030156108115
c. i. scofield,https://x.com/grok/status/1935641853644390787
sachin pilot,https://x.com/grok/status/1921074954000625876
stephanie vaquer,https://twitter.com/grok/status/1972073656319947092
list of largest empires,https://twitter.com/grok/status/1963279910908338664
shyam singha roy,https://x.com/grok/status/1964214537500184744
"little saint james, u.s. virgin islands",https://x.com/grok/status/1975583294243938565
foreign fighters in the bosnian war,https://x.com/grok/status/1943979047186575841
st. louis,https://twitter.com/grok/status/1959729175625089237
avn award for male performer of the year,https://twitter.com/grok/status/1947357486853591094
rajdeep sardesai,https://x.com/grok/status/1901254762198335816
jadavpur lok sabha constituency,https://twitter.com/grok/status/1902973036812439878
list of bars,https://x.com/grok/status/1958816526162866234
ali zafar,https://twitter.com/grok/status/1977214026817122650
sheng thao,https://twitter.com/grok/status/1948518393856098430
zee news controversies,https://x.com/grok/status/1902346835680755820
type 08,https://twitter.com/grok/status/1968406626194571748
lauren witzke,https://x.com/grok/status/1973738905049665838
nangeli,https://twitter.com/grok/status/1905438746872316154
nadia marcinko,https://x.com/grok/status/1946596693627314533?lang=en
race and crime,https://twitter.com/grok/status/1966828159950794791
blue movie,https://twitter.com/grok/status/1938290692222324951
blue movie,https://twitter.com/grok/status/1938290692222324951
catherine kamau,https://twitter.com/grok/status/1975626927798112448
ayla malik,https://twitter.com/grok/status/1941790436722643122
list of mosques in the united kingdom,https://x.com/grok/status/1962475521385881982
jewish american heritage month,https://twitter.com/grok/status/1932316161947165170
jewish leadership,https://twitter.com/grok/status/1904401307852788076
demographics of brussels,https://x.com/grok/status/1919803452718514517
political communication,https://twitter.com/grok/status/1969238328211095828
anonymous and the russo-ukrainian war,https://x.com/grok/status/1910417042068619384
1995 kodiyankulam violence,https://x.com/grok/status/1900121701196664972
omar koshan,https://twitter.com/grok/status/1938152249236377615
william vivour,https://twitter.com/grok/status/1967337638882652515
william vivour,https://twitter.com/grok/status/1968310620962611333
north–south and east–west corridor,https://x.com/grok/status/1978051586166579687
harvey milk,https://x.com/grok/status/1930029847327453544?lang=en
harvey milk,https://x.com/grok/status/1930397885843288084
makoto sakurai,https://twitter.com/grok/status/1964883617987108889
gypsycrusader,https://x.com/grok/status/1965178052901789740
gypsycrusader,https://x.com/grok/status/1948494900791755263
gypsycrusader,https://twitter.com/grok/status/1957176299761606733
gypsycrusader,https://twitter.com/grok/status/1974553719334416802
sadiq khan,https://twitter.com/grok/status/1971095973767393284
michael rectenwald,https://twitter.com/grok/status/1966840807509684568
jennifer carroll macneill,https://twitter.com/grok/status/1966953064218456429
erika hilton,https://twitter.com/grok/status/1948184492218429877
vkusno i tochka,https://twitter.com/grok/status/1962148910820122874
alex rosen,https://x.com/grok/status/1898071163957395918
dov s. zakheim,https://twitter.com/grok/status/1956406022723236109
labour party (nigeria),https://x.com/grok/status/1900909261653254418
polícia de segurança pública,https://x.com/grok/status/1977383249245798711
china lobby in the united states,https://x.com/grok/status/1972456122071285927
port,https://twitter.com/grok/status/1953035435858702638
8chan,https://twitter.com/grok/status/1958999145110544502
president of kenya,https://x.com/grok/status/1980207621962678587
bebe cool,https://x.com/grok/status/1951371876930035947
rice christian,https://twitter.com/grok/status/1966482423774171498
heathenry (new religious movement),https://twitter.com/grok/status/1941185402179813593
lateef jakande,https://x.com/grok/status/1954480051615060391
russell martin (footballer),https://x.com/grok/status/1961773042952265941
obi cubana,https://x.com/grok/status/1931360143062778325
