aerial warfare in the russo-ukrainian war,https://x.com/i/grok/share/IsR8Q1ZspmfQGsvcTpuBZA264
ray kroc,https://x.com/i/grok/share/Y5FKavtlfk6ztndrz3ha8x5dB
ray mcgovern,https://x.com/i/grok/share/FvKZ5pphtNnPvJmYuO2UuUyKw
rayhana bint zayd,https://twitter.com/i/grok/share/ttnlg7BsAZHW1xoT19cJFOq8g
reactions to the boeing 737 max groundings,https://x.com/i/grok/share/3h8I32T0jTWiqU0ZxPFKzkUTB
dustin lance black,https://twitter.com/i/grok/share/Sl9yW4zJ7zGG4uq0tVd6B6iLn
religion in birmingham,https://twitter.com/i/grok/share/fJ27LlzZCoJ0XLU50p3PDFwOL
elizabeth spiers,https://twitter.com/i/grok/share/dWR1Zq4CnYQad0wgHDHMgN90y
union of the democratic centre (argentina),https://twitter.com/i/grok/share/9wgcoOBFpgH8tRLlRLzLqZAXI
state of emergency,https://twitter.com/i/grok/share/CCyYcRyEmljyEcowIvyAjulo4
british somaliland,https://twitter.com/i/grok/share/YWRin6uqwXWK3gzwpdRk4rLQe
lisa ann,https://twitter.com/i/grok/share/AEtcN2s2oZjXvoD7llrEyVGtC
al-masih ad-dajjal,https://x.com/i/grok/share/h81K6th9ExdZ1tbQ4xURynESG
corruption in brazil,https://x.com/i/grok/share/NyGLT7IsMvt6d1MVX92bKTB7f
council,https://x.com/i/grok/share/w6csosh33lgiCyiUQimObU6Qf
covid-19 pandemic in scotland,https://x.com/i/grok/share/9tOHBe418OH3RP8KttLrvHRaS
covid-19 pandemic in singapore,https://x.com/i/grok/share/WzV8rBRFjwTAdlj9UO7z0xZlY
covid-19 recession,https://x.com/i/grok/share/cpUmgASxISBgDDXc55ckHENmN
grok (chatbot),https://x.com/i/grok/share/m0xyKcw0zJGmc1QcWt8LYFLFi
grok (chatbot),https://x.com/i/grok/share/vytPMxgkVCsfBMBsS3xEABNzt
national security study memorandum 200,https://x.com/i/grok/share/9XBZPq6tNUTaPBxpAak3jYAhp
nationalist democratic progressive party,https://twitter.com/i/grok/share/LG6FcRr1wLnUq3B012D6nAtj8
jo ann hardesty,https://x.com/i/grok/share/sq1LolCglQ61ivGR6zo6VwwbU
nickerson gardens,https://x.com/i/grok/share/RwtO1Lnczp7KWsbLdYFponKuM
political censorship,https://twitter.com/i/grok/share/S33gS3u1qiYzBlyByAvmhkDKk
political establishment lifestyle,https://x.com/i/grok/share/wReNJmjmkEoK26vZMztVVCQFc
political positions of tulsi gabbard,https://x.com/i/grok/share/1N1hnrT2dCvPsn4zGkZhwVKpm
political repression in the soviet union,https://twitter.com/i/grok/share/jbKhUOH5M16iKiNaNvrXlJqrZ
politics in south india,https://twitter.com/i/grok/share/qUNgcRAMDE0IE4gUfYq8cg0tl
politics of germany,https://twitter.com/i/grok/share/UWsJaqyVSHFF5hauPzDpsPBxl
politics of tamil nadu,https://x.com/i/grok/share/FaLxkLTQPDCTHfBCi1JMgIjPI
politics of tamil nadu,https://x.com/i/grok/share/JPzNIXIfIfO4KMPhug6nZaLFv
polizei,https://twitter.com/i/grok/share/ZgsMhBbjQw9brNRt7QCkHSAwV
narmada bachao andolan,https://twitter.com/i/grok/share/v1aKvqpNAgfP2JKCLL3LfP5tL
kam (rapper),https://x.com/i/grok/share/RwtO1Lnczp7KWsbLdYFponKuM
noida,https://twitter.com/i/grok/share/IYXtWRLES8igWmGSGY2O9LVgk
virus,https://x.com/i/grok/share/B8KDqoW90NRo9iqw3N3QQQrlU
diana johnson,https://twitter.com/i/grok/share/wtm8SjUXVJwfTTfJMhukHzoPV
michelle wu,https://twitter.com/i/grok/share/r8FnWC7BtiokhRv6FGUsdsgNf
robert f. kennedy jr.,https://twitter.com/i/grok/share/LBX9fKg9PgaSxV6qEWGE89XrJ
robert f. kennedy jr.,https://x.com/i/grok/share/ZRZMXtucXjFVx9jZp4KPIKLKr
seiichi morimura,https://x.com/i/grok/share/7pcmYdeGBDR1AkUyKrGrdBcyg
rail transport,https://x.com/i/grok/share/jdQasLTzrVlQ1PmZzFaerHp3q
konstantin kisin,https://twitter.com/i/grok/share/YsLcoCgwMQLh2edjiVcExZP4m
bangladeshis in india,https://x.com/i/grok/share/EUyp9XsuyrK4W0IU2w8STWRJ0
bank regulation in the united states,https://x.com/i/grok/share/Td0er8NpIsVWXUPz597LPZo8h
"barkas, hyderabad",https://twitter.com/i/grok/share/saxIRmy41wppcIA0QW1U0H9Gw
superhero,https://twitter.com/i/grok/share/VQ1eevWmbHRCrqAIENoFaAlnj
tartarian empire,https://x.com/i/grok/share/veCLhDpYgiNf114kKYGgy6QP7
coroner's jury,https://x.com/i/grok/share/EU9T3o394avrGO5XHxa5wTfWT
ted nugent,https://twitter.com/i/grok/share/iZlblULhgxrNLYqfZzS1l1FHv
lubaba bint al-harith,https://twitter.com/i/grok/share/ttnlg7BsAZHW1xoT19cJFOq8g
shadow banning,https://twitter.com/i/grok/share/TD0VyiI73mbYCVP1X0IaIemm5
shadow banning,https://twitter.com/i/grok/share/S33gS3u1qiYzBlyByAvmhkDKk
shadow banning,https://x.com/i/grok/share/S8VnNhE3eI6kEIaC5Yj5ESoj1
shadow government,https://x.com/i/grok/share/W6MymjHjdcBBEMqR9UbMEcAXX
panopticon,https://x.com/i/grok/share/98e0MEAiDtVueFmhIoyzGozld
tucker carlson,https://twitter.com/i/grok/share/ISfO0mSNV7cPE42UJIjq4eRnS
telugu christians,https://twitter.com/i/grok/share/TAsgU7xcU7Lb6o2h4GxCSxBwF
nick fuentes,https://x.com/i/grok/share/PnZyDOcKuJ5EDCBYYdoF3wcYw
jammu and kashmir (princely state),https://twitter.com/i/grok/share/L4jDDX1kORYazJEJL1XwI3XHo
jammu and kashmir (state),https://x.com/i/grok/share/OeIBjimcXABsE4ixX5od5GEu6
sugar industry of the united states,https://twitter.com/i/grok/share/NOenp2Z3uvns45wRLrE184OQF
suicide of s. anitha,https://x.com/i/grok/share/zXYUbQn519CodR3M71Tz6fNca
suidlanders,https://twitter.com/i/grok/share/5fzjJ34YPSn5g8eyTgG6rhLc6
suidlanders,https://twitter.com/i/grok/share/OWqiAtHPoEQ22XRXWr62AlNPN
german nationalism,https://twitter.com/i/grok/share/UWsJaqyVSHFF5hauPzDpsPBxl
german residence permit,https://twitter.com/i/grok/share/UWsJaqyVSHFF5hauPzDpsPBxl
dasavathaaram,https://twitter.com/i/grok/share/hUGa3hgwukdohucbYpbj0b2Nc
persecution of christians,https://twitter.com/i/grok/share/gwwWScfSMKQlM9J11Da41CK6n
persecution of christians in the eastern bloc,https://twitter.com/i/grok/share/meITdBJrqeszsMz1FlT40Imsf
persecution of christians in the soviet union,https://twitter.com/i/grok/share/meITdBJrqeszsMz1FlT40Imsf
persecution of hindus,https://twitter.com/i/grok/share/102OlgtAc9aSV2rcDY2VBFYdK
fetlife,https://twitter.com/i/grok/share/ExXqp1tFuB4WmV6yu65yky0TX
"white river, mpumalanga",https://twitter.com/i/grok/share/6ELWzkVF401417Cty8GTMV4wa
"white river, mpumalanga",https://twitter.com/i/grok/share/5fzjJ34YPSn5g8eyTgG6rhLc6
white south africans,https://twitter.com/i/grok/share/nX4SeTtPAFOyErLrfyKqu7xzO
white south africans,https://twitter.com/i/grok/share/6ELWzkVF401417Cty8GTMV4wa
white south africans,https://twitter.com/i/grok/share/QCmcpcRtRKsyxs5x3nXPsCVsG
white south africans,https://twitter.com/i/grok/share/l7c1cMYso90b6EsGg7tfSc9Hf
white south africans,https://x.com/i/grok/share/e1nPVxnUjeCWNkWd62uONSl4I
white adoption of african american urban culture,https://x.com/i/grok/share/cQvQpx7NxLXs2qY9MQ8REjXux
white ethnostate,https://twitter.com/i/grok/share/8ilT9qsZTGfvcTVlM1R6u1HIO
north america,https://x.com/i/grok/share/78PVvUn5yOoQdjhxrv12AVBYE
sandro marcos,https://x.com/i/grok/share/2kx8U9UPMLkhed31y0Ct1iluF
little boy,https://x.com/i/grok/share/qqP7xgQWoSzaSf2FI8sCDb9O8
stephen king,https://x.com/i/grok/share/cB7FRTACLqkdx5YBCsJHC1y0w
movements for the annexation of canada to the united states,https://twitter.com/i/grok/share/R3gfIr4OrAvlXW2urZtB3tdBF
microstrategy,https://twitter.com/i/grok/share/nPjsKeBVIRlUUzWyfpvKjEjE6
microstrategy,https://x.com/i/grok/share/4DlJQ3kGpNmK81vjxy3c5WXZW
views of elon musk,https://twitter.com/i/grok/share/0nlCXuMBenuTdR7BDzr7dlRFT
happy monday system,https://x.com/i/grok/share/L2sYW3ixOCuYRmzOb2xJvgz5S
usa today,https://twitter.com/i/grok/share/mcaupo5XNtAHFsd5CObYQIpYf
ussr anti-religious campaign (1928–1941),https://twitter.com/i/grok/share/meITdBJrqeszsMz1FlT40Imsf
ussr anti-religious campaign (1928–1941),https://x.com/i/grok/share/M7ZDdgtLj4TYTNLwC9te5GWWM
religion in canada,https://twitter.com/i/grok/share/g2uASQpDbjyTvsi4MFAHKFvc7
religion in denmark,https://twitter.com/i/grok/share/YpEFLf48AQ8v32Hl4P3D0QnV7
religion in nigeria,https://x.com/i/grok/share/6BgABhf99RMFsnIMftRGoFTKT
religion in the european union,https://x.com/i/grok/share/npwxHTY5lTI5Gh7pCJ3hDuE4W
religious restrictions on the consumption of pork,https://twitter.com/i/grok/share/xJgmF70JJn4z2NFLY0ViFzO4G
arpitania,https://twitter.com/i/grok/share/JE4u0OBDNwiNH5lPGqQ39m2nk
trial of joseph estrada,https://x.com/i/grok/share/plPMBiFDudSSBvmtBX1aEDbg6
five-year plans of china,https://twitter.com/i/grok/share/Q1Uy4E0HIeVaPsEbNvB1TsR99
aurangabadi mahal,https://twitter.com/i/grok/share/yqMVZQs3Yc3t5PQCZtEcJPBVh
x.com,https://x.com/i/grok/share/qkLAOGtOfgb9Nu3DlCYeb0TfQ
x.com,https://twitter.com/i/grok/share/HAzWSEQHKY2O1rwAVVGVkxL5f
conservatism in india,https://twitter.com/i/grok/share/4y3jcWpwq2Tdm9mir9YU4oZ6A
church of england,https://twitter.com/i/grok/share/ixnReNv4jmeL5wGwdSmtFHS4u
volodymyr zelenskyy,https://x.com/i/grok/share/8tRw7QCyk6lsJSRqhtbuLxDgD
metaverse,https://twitter.com/i/grok/share/5J1qIo4X3nCtBwNPyGD60ELH4
government of india,https://x.com/i/grok/share/OFmyODgey3gSXQaCqQokneF4o
governor of lagos state,https://twitter.com/i/grok/share/Evk4JMrWcyaYnCTZFZQO0Jdbl
comet ping pong,https://twitter.com/i/grok/share/PKbgtSkZ9BX9hfYv04XN2qkVn
commemoration of stepan bandera,https://twitter.com/i/grok/share/q7cJ32nrhuZsCPeZkpBPWUKVh
commercial use of space,https://x.com/i/grok/share/xg0OY0XTwFGafrpg58jvlJPYf
cinema of south india,https://x.com/i/grok/share/QeEanoIJQBk9t9ojIaYxNBJfS
internet censorship in china,https://twitter.com/i/grok/share/6y9M6UTvzHbFE2hu2mDthpcuT
ron unz,https://twitter.com/i/grok/share/AkfP6PUHpalo5szRDxHAZMjpz
dakṣiṇā,https://x.com/i/grok/share/vFgYbC5CpoCpQT3gzvjqgfQAq
dal khalsa (organization),https://x.com/i/grok/share/tOpZcoIHQubiDfo2UuWZmZO9M
association of vineyard churches,https://twitter.com/i/grok/share/vShyOCQdEZIxHlxr2Syy0D20y
charlie kirk,https://x.com/i/grok/share/JY8VO5n4ITR2fahklr7ohwBmJ
charlie kirk,https://twitter.com/i/grok/share/U4fZdbmSI9hP1mpPjjmMwUs8V
charlie kirk,https://twitter.com/i/grok/share/tiSHiMrZol26Ru9Vbp1pCtH1y
nude swimming,https://twitter.com/i/grok/share/udQhF2ZiMSmwBJnljCAJlx3AR
jitendra chaudhury,https://x.com/i/grok/share/lX3VM82dgBoGsDbAOnCFQ7ORB
smz cyclecar,https://x.com/i/grok/share/2WERjBknmd7xYZ8NEzADJhWOU
los angeles police department resources,https://x.com/i/grok/share/sq1LolCglQ61ivGR6zo6VwwbU
media career of donald trump,https://twitter.com/i/grok/share/Jzc0OF2WagJvxLFW96kiKRGCP
media content designed to provoke outrage,https://x.com/i/grok/share/qkLAOGtOfgb9Nu3DlCYeb0TfQ
media cross-ownership in the united states,https://x.com/i/grok/share/lBV8ZxmyIdUllzovJ5FLejuV3
media portrayal of the russo-ukrainian war,https://x.com/i/grok/share/Z3ltGmEO5CHRu5SXAaS3Ddx3V
mediazona,https://twitter.com/i/grok/share/lc2HbCjQE3F2z3LIQGScLOD4y
religious violence in india,https://x.com/i/grok/share/6qH6JsV0J84wO1mjzsmKgfOWW
us-versus-them political rhetoric,https://x.com/i/grok/share/E46A4Xg0jes9CLFoTdOeWMhJ7
non-fungible token,https://x.com/i/grok/share/LfkryaPXE2yec10bzqWoBgeQZ
united states house committee on veterans' affairs,https://x.com/i/grok/share/obmPS83yg3c9plZqFr5cJFWjO
united states house of representatives,https://twitter.com/i/grok/share/Z9FFU72T6NBHMGWAHX0nJ6V6T
united states border security issues,https://x.com/i/grok/share/4eKO67YBLC3s3Am62TiNti0Mx
web bot,https://twitter.com/i/grok/share/bSLIyIEVVVILQE1JCeNzkLcbh
web bot,https://twitter.com/i/grok/share/AZulxYY6zCiyiK7dHPV9kRVD2
web bot,https://twitter.com/i/grok/share/TjA7hPMgCNIYy4br7nqTji8jz
web bot,https://twitter.com/i/grok/share/Ia4wdGE4eKu2wzePvKKtBVFGJ
web bot,https://x.com/i/grok/share/QAzoI6Ahx9LnQ2DWtpEHBEsKV
web bot,https://twitter.com/i/grok/share/gkvFkzIgLl58GbvEa0bmtvjpk
met gala,https://x.com/i/grok/share/ySplCDwd3XbBR9IUyzelqHwcR
roswell incident,https://twitter.com/i/grok/share/yGmfwAHnctDde6dEJmHPuDH3q
bbc scotland,https://twitter.com/i/grok/share/fsh1hVROwFuvxWsUQoSjlkk8U
communism,https://x.com/i/grok/share/aJSvkKxmJ8a7rNwYVecNMHLEq
community policing,https://x.com/i/grok/share/sq1LolCglQ61ivGR6zo6VwwbU
the changing world order,https://x.com/i/grok/share/TlL57U6p5gI9og5qW3oY81rsZ
theories of jewish responsibility for wars,https://x.com/i/grok/share/a9wkoq4qxXnLLWQIrDICh6DDw
list of incidents of civil unrest in the united states,https://twitter.com/i/grok/share/p1pC9IPAPhYNNH0sXUu3BaWmI
list of female chief ministers in india,https://x.com/i/grok/share/2yrM10VFknq3Ug3eyTTwmKJ30
freedom front plus,https://x.com/i/grok/share/e1nPVxnUjeCWNkWd62uONSl4I
annur,https://twitter.com/i/grok/share/51fuBOc9K3PqY8a7iSncWKkgg
list of international prime ministerial trips made by narendra modi,https://twitter.com/i/grok/share/xe2AalDf7785v62r9vv20UNBD
list of international prime ministerial trips made by narendra modi,https://twitter.com/i/grok/share/nnYEIkdSQjiSIRuMBkSDfWMhI
marine mammals as food,https://x.com/i/grok/share/IKCgcFub15smypG9is7BgJQLq
crunchyroll,https://x.com/i/grok/share/mca7jDOaqZc46xMeeijDBNTdf
echo chamber (media),https://twitter.com/i/grok/share/S33gS3u1qiYzBlyByAvmhkDKk
2000 in the united kingdom,https://twitter.com/i/grok/share/zYOgUPNVHnylgDjvqHTCFi8ee
virginity,https://x.com/i/grok/share/4iZk9huwMyinIgRE3ZPp7WoVq
"pacific palisades, los angeles",https://twitter.com/i/grok/share/AukBtkDD4S4vDPNvkLXe1SYLA
lolicon,https://x.com/i/grok/share/AGj4KZUi3tHSMgCLvuH0wYK4A
religion in arunachal pradesh,https://twitter.com/i/grok/share/erBGO4nagcjuksTivH1ogHkmo
enrique tarrio,https://x.com/i/grok/share/gAhg6SSeQumxd1iVQhtneSXJh
takashi tachibana,https://x.com/i/grok/share/74SgxJeJ7vWtAJvLZdvjorX2B
takashi tachibana,https://x.com/i/grok/share/ZP6noFWWjQhxJoy4uiz9iAIU0
the rest of the story,https://twitter.com/i/grok/share/HMjBMTXdKxAGKE3GYSvqQLVCY
honky,https://twitter.com/i/grok/share/AdDOO0YaPoQpbPyKjsYNBhiqq
x corp.,https://x.com/i/grok/share/qkLAOGtOfgb9Nu3DlCYeb0TfQ
x corp.,https://twitter.com/i/grok/share/NX60d3fdPylbE3ZCz6Xq88J5U
x corp.,https://twitter.com/i/grok/share/SPWHosCoBz1k6Qy6Nm4AF5Yi3
stanlow oil refinery,https://twitter.com/i/grok/share/zYOgUPNVHnylgDjvqHTCFi8ee
viral phenomenon,https://twitter.com/i/grok/share/S33gS3u1qiYzBlyByAvmhkDKk
daniella weiss,https://x.com/i/grok/share/AwZFIL3CWT7GDCkhHxfW5WrXQ
artemis program,https://x.com/i/grok/share/twLtCbJZ569ZoIPwa8qPxc5aG
sonia gandhi,https://twitter.com/i/grok/share/8w4P0QFbiCbdezHDcRhczztp5
baizuo,https://twitter.com/i/grok/share/w0cmYAWAqpGzYCy92LqkPG9EB
nizam of hyderabad,https://twitter.com/i/grok/share/hwZ11VPGSTrsySMqwWy3a48eq
spanish renaissance,https://twitter.com/i/grok/share/OM7yXSGCv6o8x4iAbQgg86VJY
digital distribution of video games,https://twitter.com/i/grok/share/3TbD0p5V7SXuANfuuEHpZVFlQ
james boasberg,https://twitter.com/i/grok/share/GS9WsBqwKAK73g8IpUKv5wfF6
murder trial of o. j. simpson,https://twitter.com/i/grok/share/iv83MXNYjzNsHl3pqFvc4tCMs
state-owned enterprises of south africa,https://x.com/i/grok/share/ouc7pdPRKCMISNCEHMBNqC3KK
state anthem of the soviet union,https://twitter.com/i/grok/share/jbKhUOH5M16iKiNaNvrXlJqrZ
sweden,https://twitter.com/i/grok/share/moUXuNPd5JTVFxvdyIkcWT3g9
khojaly massacre,https://x.com/i/grok/share/H844FMJZmblUwwRkyNTQMbb2d
loving v. virginia,https://x.com/i/grok/share/u9pg28RvLoZgtUOIZgtg8dqIp
ellis park stadium,https://twitter.com/i/grok/share/fWDoJ0NReGBq1jmXFs3uR6ioQ
elon peace plan,https://x.com/i/grok/share/TFdhSW10WKlwbzY5wq7BrO0Zb
video game development,https://twitter.com/i/grok/share/qxhHaG40Zm2jCLFfFktWREnNV
sacha stone,https://twitter.com/i/grok/share/h7st7duHwjL6WKCFQS7EgvNI9
filip müller,https://twitter.com/i/grok/share/oXGgkxDTzZYwRhVSOAmgdQ6t3
roman dmowski,https://x.com/i/grok/share/xbwJgrbDOTtkOiBXgnuRyxjHA
sbarro restaurant suicide bombing,https://x.com/i/grok/share/whfCq6SR3eGXvTA7zhCnQdtIl
violence against women in india,https://x.com/i/grok/share/VQ9TTUyPYVO8FgX7LmY7Cif1z
violent extremism,https://x.com/i/grok/share/X2FvVfyCS6vkvLrRGbID9BRAn
g. d. birla,https://x.com/i/grok/share/lQkyXNBQsUAoEu85tj1CAfCmJ
list of united states state and local law enforcement agencies,https://x.com/i/grok/share/sq1LolCglQ61ivGR6zo6VwwbU
my little pony,https://twitter.com/i/grok/share/eRbkZsk8l9z8wxJRofDAlD1zi
herbert n. straus house,https://twitter.com/i/grok/share/Fh8398cyCYtmLOezbznkGUbVS
grey alien,https://x.com/i/grok/share/jMk9mYx8MAoNveQr0nvkB8zRw
al-waqidi,https://twitter.com/i/grok/share/ttnlg7BsAZHW1xoT19cJFOq8g
print,https://twitter.com/i/grok/share/mcaupo5XNtAHFsd5CObYQIpYf
prisoner exchange,https://x.com/i/grok/share/whfCq6SR3eGXvTA7zhCnQdtIl
lee harvey oswald,https://twitter.com/i/grok/share/5SFuHSlyhmyyvxh6pF34G1c6y
sainbari murder,https://x.com/i/grok/share/irpn9zt3yuzuqlubkberz6v9q
norway democrats,https://x.com/i/grok/share/aZAjh2GHXwGR2Nz32pBtSGj11
kaitlan collins,https://x.com/i/grok/share/9yQQEuOKi3e3iY3vEkVk9uDqw
tv9 bharatvarsh,https://x.com/i/grok/share/wiHMbqIx6iKILFR8RtxAG5dIv
tv9 bharatvarsh,https://twitter.com/i/grok/share/uMqs8dLTahXCVJJnWyq9TN9tN
albert patterson,https://x.com/i/grok/share/ySu8mrgG9hCz0HTQFoCtKfzPo
"south side, chicago",https://x.com/i/grok/share/sq1LolCglQ61ivGR6zo6VwwbU
"south side, chicago",https://x.com/i/grok/share/oEbomarVwcCUjTLeMUW6xis7I
southern baptist convention,https://x.com/i/grok/share/bgBUBEbAF1kOEVwhYFANFvUSo
dick goddard,https://x.com/i/grok/share/fMY7qUFyBtSfkUEpvK9pgvSGX
memetic warfare,https://twitter.com/i/grok/share/WdfYv1UkTvJqGfCSXv46Jzez1
men's skirts,https://twitter.com/i/grok/share/LrmngJKeBUCSRdYqJte5R1XaC
postmedia network,https://x.com/i/grok/share/ZCJQP9zi2VB7fYQYMzn4Kpf51
carmen best,https://x.com/i/grok/share/sq1LolCglQ61ivGR6zo6VwwbU
a wrinkle in time,https://twitter.com/i/grok/share/MyYXAGobvk5YKrCbJCIv6VdfM
form i-129,https://x.com/i/grok/share/Bx1VTIMeeYuc4qQBcjAAiupHI
list of massacres in south africa,https://x.com/i/grok/share/x72Wl8Ixitwdt4aVl46YvTc46
lucy letby,https://x.com/i/grok/share/SUX2eSF7aIaGbDf1aPDqOnZ6O
thomas siebel,https://x.com/i/grok/share/LbuJO3xThcnoDNgMP88KBSHlk
psychopathography of adolf hitler,https://x.com/i/grok/share/o3nwPmHSRC3b7yplbTis8CHjz
public image of joe biden,https://x.com/i/grok/share/4eKO67YBLC3s3Am62TiNti0Mx
janet lim-napoles,https://twitter.com/i/grok/share/HlzgOHO9EfGc5In9oG6SJ1PUc
janet mills,https://twitter.com/i/grok/share/JINHLAMkUdqvIfCKEBLuXxGqE
unrest in 10 cities,https://x.com/i/grok/share/tcxBI4TzkZDShg1ggIqKViH3J
tripuri people,https://x.com/i/grok/share/lX3VM82dgBoGsDbAOnCFQ7ORB
biju janata dal,https://x.com/i/grok/share/hFcC6iRHgihk1LRQm37xIz8ig
bilawal bhutto zardari,https://twitter.com/i/grok/share/deBjrQSTtnZxA2YYUjDqSBYou
bill gates,https://twitter.com/i/grok/share/J39MhK7qCdStOsBvfE8EmEoV6
bill montgomery (activist),https://twitter.com/i/grok/share/I3EPPOgAjICPiGXLTEjwbu5K1
afc north,https://x.com/i/grok/share/tU70VjhBEPzRvDoodyqCnzKRd
afd,https://twitter.com/i/grok/share/UWsJaqyVSHFF5hauPzDpsPBxl
afl grand final,https://twitter.com/i/grok/share/N2Owe8JNVbFtqtUQh16P1VVLW
coat corporation,https://twitter.com/i/grok/share/RRIf0V6kTZsPNXQxkarA2L1wG
las piñas,https://x.com/i/grok/share/OxOuUkXH4w8mOVle4ggl1IfNw
civil and political rights,https://twitter.com/i/grok/share/S33gS3u1qiYzBlyByAvmhkDKk
barcelona,https://x.com/i/grok/share/VT9F0ZaCaPP7LV7NCy8kT0PaX
bargis,https://twitter.com/i/grok/share/8MxJQEzmksGBhDNjfwVFo94RP
bargur,https://x.com/i/grok/share/JPzNIXIfIFo4KMPhug6nZaLFv
yuri shvets,https://twitter.com/i/grok/share/lUd429dZJKWHifcCweApoWbe1
yves guillemot,https://twitter.com/i/grok/share/5Lz4eM0JktXQTsMtPDzmGGGXb
stone ghost,https://x.com/i/grok/share/RkMT8HmIE1v7RlUnfN9fGASct
2024 indian general election in west bengal,https://twitter.com/i/grok/share/iW1Z7T9Sku1S0aG2WOCU91CmT
judiciary of the philippines,https://x.com/i/grok/share/TyUKCxLlGVrCIiCxZUXEyUS7C
palestine children's relief fund,https://x.com/i/grok/share/EfPDloGGKUcQYpscuWvvYNKcx
palestinian national security forces,https://x.com/i/grok/share/whfCq6SR3eGXvTA7zhCnQdtIl
eric july,https://x.com/i/grok/share/0j9Wm4VqXvd4IowWerFkh8ieN
eric july,https://x.com/i/grok/share/zv1xRk7EzyszLNMRrlFrLaZGz
"thornhill, ontario",https://x.com/i/grok/share/m6q2R7tTtOi44CymOBeX4Zdef
renaud camus,https://twitter.com/i/grok/share/OqNQNkw28VFokJEwA372U1D3O
republic tv,https://twitter.com/i/grok/share/KKuZR6GA2C7dT49ZV3unzY1eS
republic tv,https://x.com/i/grok/share/yTxrqq4lLxqVZraNLwWJW9JeY
"charles emmanuel i, duke of savoy",https://x.com/i/grok/share/23u9ddL1qLTvZFLxi6xcic9gm
african union commission,https://x.com/i/grok/share/LLJY4qHFnMQOLoK6v6RcRdxgR
afrikaners,https://twitter.com/i/grok/share/QCmcpcRtRKsyxs5x3nXPsCVsG
t. subbarami reddy,https://twitter.com/i/grok/share/wlvs8lN5OVd5wDRNxWmUzjSvu
tai tf kaan,https://twitter.com/i/grok/share/RqC69Wy63NKS9u8TEgOqvJLZC
yogi adityanath,https://twitter.com/i/grok/share/mQlMd9evGJHWENyjCQ7qrszLe
playstation store,https://x.com/i/grok/share/7DG3Ws0ugORQ1dCr9OpYn9rI7
antonia fortress,https://x.com/i/grok/share/nFz7AXJNQOqMvYzhODplvxAO0
simon of trent,https://twitter.com/i/grok/share/pSUgvJJW0NHQqtCD76ssBlRk0
reuven shiloah,https://twitter.com/i/grok/share/PeLcHXvrDFh3OAmLk9aNe4kYh
1982 florida gubernatorial election,https://x.com/i/grok/share/lru0gauOfHA2rhTkEYTVK9XsB
list of alleged conspiracies,https://twitter.com/i/grok/share/S33gS3u1qiYzBlyByAvmhkDKk
acharya prashant,https://twitter.com/i/grok/share/nHbz4dDAthuVDfgvyA35UvGt2
rothschild banking family of france,https://twitter.com/i/grok/share/xMDXravs4sYgcZisFkrJcbpvI
political purge,https://x.com/i/grok/share/Z665ssoFXkPhcLgHzUX4viPq1
social democratic party (japan),https://x.com/i/grok/share/fBVbNZHvJumGkknQth4lNYDL0
social bot,https://twitter.com/i/grok/share/Sh4GBhHOBbN8VSTjCQKvFrLM8
ministry of railways (india),https://x.com/i/grok/share/ukddoJ89L2fMBlPc38MNcIFP5
minneapolis police department,https://x.com/i/grok/share/3tLfYnXXWTV1Le4Oy1J2AVhCN
yoruba culture,https://twitter.com/i/grok/share/DrK1VFBH9xzc6NuH5Fahc2Rtg
israel anti-boycott act,https://x.com/i/grok/share/OJIjxrf82bmhJBqxz4L4njHmf
israel epstein,https://twitter.com/i/grok/share/geh9SR55IQhFwkXUuQyet31r1
israeli mias,https://x.com/i/grok/share/whfCq6SR3eGXvTA7zhCnQdtIl
rudy giuliani,https://x.com/i/grok/share/kJaB5xcjbVJRUREeTAMBYuwsG
the sun makers,https://twitter.com/i/grok/share/Bb7kACQYEGXeYhMmGGkgPtyZi
misandry,https://twitter.com/i/grok/share/E6RtTxQpFcY64QbuVtm2x4Seh
jainism in india,https://twitter.com/i/grok/share/lNInrpluE0l1jHMDhwr29gV8O
republican electoral gains,https://x.com/i/grok/share/4eKO67YBLC3s3Am62TiNti0Mx
american academy of pediatrics,https://twitter.com/i/grok/share/2sX7u3URPVTlNwuBeDwp4OFDp
mining industry of the democratic republic of the congo,https://x.com/i/grok/share/Ahmlqma5UfmDUIJT1TW4zef8J
list of west bengal districts ranked by literacy rate,https://x.com/i/grok/share/lj64Oaxxcnrj4kvVcs3wu6Oju
negative stereotypes of south africans,https://twitter.com/i/grok/share/RPlCjpDdgaVCQOgJgSmuzYLZC
neighborhoods of minneapolis,https://x.com/i/grok/share/3tLfYnXXWTV1Le4Oy1J2AVhCN
era of political incivility,https://x.com/i/grok/share/w48QYd7hPthrnVes3EJfmvtwd
assassination of malcolm x,https://twitter.com/i/grok/share/LfJAGpB1QODoPD6Z5OQXhg6Iv
assata shakur,https://x.com/i/grok/share/yfJ45Q4a5E3SYKps0JmhTSZGS
assault of maho yamaguchi,https://x.com/i/grok/share/HlFqHH7RKUGMqkmQFpwEuNw0U
distribution of white south africans,https://twitter.com/i/grok/share/5fzjJ34YPSn5g8eyTgG6rhLc6
reiner fuellmich,https://twitter.com/i/grok/share/emqlr9Bugp2IkqZzyO6u4UqFh
reiwa shinsengumi,https://x.com/i/grok/share/VKBMa51Q6hzMPvevhpZmNHvm3
news18 india,https://x.com/i/grok/share/dRN9ibWbqscRVgR5hcZjJUuQC
news18 india,https://x.com/i/grok/share/wiHMbqIx6iKILFR8RtxAG5dIv
news18 india,https://twitter.com/i/grok/share/Nfa1Uqwbr77QabBVkLJqBpKZV
news media,https://twitter.com/i/grok/share/mcaupo5XNtAHFsd5CObYQIpYf
news media in the united states,https://twitter.com/i/grok/share/mcaupo5XNtAHFsd5CObYQIpYf
newspaper,https://twitter.com/i/grok/share/mcaupo5XNtAHFsd5CObYQIpYf
islam by country,https://twitter.com/i/grok/share/Uk2QN9B0B0OJZuQkwfeKRLSt0
travancore,https://x.com/i/grok/share/wwk6nynJB8IW8MR6WAgxf7OCu
scott adams,https://x.com/i/grok/share/xX1pOh70MoI9425SOpexDvg3T
zevia,https://twitter.com/i/grok/share/UJn8gWPgBVNRvOKpSrS0FuzIc
tweet (social media),https://x.com/i/grok/share/S8VnNhE3eI6kEIaC5Yj5ESoj1
list of victims of the september 11 attacks (a–g),https://x.com/i/grok/share/trXxIPUgz6NCKjQ4TU1rZaDL9
2024 pennsylvania attorney general election,https://x.com/i/grok/share/0LxRiVWCWXAUgW9KtKbrcWT5X
kalinga (province),https://twitter.com/i/grok/share/W7vYEfumIJyIfgnxEb32unLeD
kalita (caste),https://twitter.com/i/grok/share/T1R1XE8w8ka8LXIRNxe04mV0z
space age,https://x.com/i/grok/share/xg0OY0XTwFGafrpg58jvlJPYf
space exploration,https://x.com/i/grok/share/xg0OY0XTwFGafrpg58jvlJPYf
space launch,https://x.com/i/grok/share/xg0OY0XTwFGafrpg58jvlJPYf
abbott government,https://x.com/i/grok/share/1e5FznMmd9cPar2txWbwFIM1s
bharat24,https://twitter.com/i/grok/share/Nfa1Uqwbr77QabBVkLJqBpKZV
jeffrey sachs,https://twitter.com/i/grok/share/wLq7f2drNYFYi1FAlIpbLy5XZ
american jews in politics,https://x.com/i/grok/share/a9wkoq4qxXnLLWQIrDICh6DDw
seventeen point agreement,https://twitter.com/i/grok/share/dyViXX0muP8jAmrFhOo0DI49d
seventy-two virgins,https://twitter.com/i/grok/share/jxIkEd0kf3PCgutkZMDUx6W2Z
list of delhi university people,https://x.com/i/grok/share/3lxulYevBwlB75j6d1anBV9FV
diwali,https://x.com/i/grok/share/SnD69QbVNzsLwGBSBM3zJuTlI
afriforum,https://twitter.com/i/grok/share/QCmcpcRtRKsyxs5x3nXPsCVsG
hinduism in pakistan,https://twitter.com/i/grok/share/rhzGJKjhixgn4Fl3WaulTWYTp
hinduism in tamil nadu,https://twitter.com/i/grok/share/Ub2XI6rQDllUitVSKfteQL9GJ
greater kuala lumpur,https://x.com/i/grok/share/6EDG6RMmcB12qcvWalRMAKyTl
sealdah railway division,https://x.com/i/grok/share/kIa81fKF7dmUhaW3w4wBKltRu
diplomatic service,https://twitter.com/i/grok/share/TrcMIYLYlWtf09bjfgrIPvUsM
decline of digital platforms,https://x.com/i/grok/share/qkLAOGtOfgb9Nu3DlCYeb0TfQ
decline of digital platforms,https://x.com/i/grok/share/ZOagt3UpL6MI6nIGwP6p83aqh
decline of newspapers,https://twitter.com/i/grok/share/mcaupo5XNtAHFsd5CObYQIpYf
shawnee national forest,https://twitter.com/i/grok/share/xirl2c75qezV9ZVbrOy8rEPvo
curtis yarvin,https://x.com/i/grok/share/K30VtCUH2n7Q2jTSwcJXbFIWn
destiny (streamer),https://x.com/i/grok/share/eiVTYNJ6SkPajHzG1LpcuhQcL
destiny (streamer),https://twitter.com/i/grok/share/aRnbYN4ZrLIvWPIhdugaIoz3i
list of federal political sex scandals in the united states,https://twitter.com/i/grok/share/94mHFl0rXuoG1bge0f92qleVY
demographics of manhattan,https://x.com/i/grok/share/6fT83bTqCw0fPn0zZ2Q1nNNz7
demographics of russia,https://x.com/i/grok/share/yCKoppyqvoOAnLaG0paptQEKt
bengali hindus,https://x.com/i/grok/share/EUyp9XsuyrK4W0IU2w8STWRJ0
bengali hindus in assam,https://twitter.com/i/grok/share/Qn5yVmuI2jLfbd6ft8uyXTR2b
crime in chicago,https://x.com/i/grok/share/oQq5ulh2tIEuNGZ0j8mMrpSJG
crime in chicago,https://twitter.com/i/grok/share/opuVYnlSqim4tZxHOjKSKGypW
crime in chicago,https://x.com/i/grok/share/sq1LolCglQ61ivGR6zo6VwwbU
crime in chicago,https://x.com/i/grok/share/oEbomarVwcCUjTLeMUW6xis7I
first information report,https://x.com/i/grok/share/59EjkhWiMkMPtiCfugXnt4tt0
"austin, chicago",https://x.com/i/grok/share/2jNXzxs8MSsaOfcGnIUpT0Gzm
kerala model,https://x.com/i/grok/share/FaLxkLTQPDCTHfBCi1JMgIjPI
philadelphia state hospital at byberry,https://x.com/i/grok/share/vYUahI3LanbJrN5DbYJTZIPco
china construction bank,https://x.com/i/grok/share/kmdKVWd6G5RfMuJYRQGWSBbk5
dennis l. montgomery,https://twitter.com/i/grok/share/aMDQdnOkcxhnlBn6lvJZTJE0r
ichirō matsui,https://x.com/i/grok/share/8K2ueCZR5Wt0vUPM2hpnsME9K
idaho light foot militia,https://twitter.com/i/grok/share/G0NQO6IwTXF7Mr3EweVKl1CB6
murder of hadiya pendleton,https://x.com/i/grok/share/oQq5ulh2tIEuNGZ0j8mMrpSJG
satoshi nakamoto,https://x.com/i/grok/share/0KSmou6JFe1D7lSxLIk0e0QD2
"kasba, west bengal assembly constituency",https://x.com/i/grok/share/3QPquHKYpcitslh5orQ1cR5JY
left front (tripura),https://x.com/i/grok/share/lX3VM82dgBoGsDbAOnCFQ7ORB
legacy carrier,https://x.com/i/grok/share/zoqjiKbL0E3fDn91zmoRoqpkN
crime in london,https://twitter.com/i/grok/share/EzCtgOgh7rNpv8WqaZIiLII0c
hindi belt,https://twitter.com/i/grok/share/jx3jHYXVviBx1md5ZzrA1M7xN
bill spadea,https://twitter.com/i/grok/share/AdwgmdrfDa231X43rf179Lh1D
sama lukonde,https://x.com/i/grok/share/Ahmlqma5UfmDUIJT1TW4zef8J
jeremy boreing,https://twitter.com/i/grok/share/HNsWZcOkpedRTXOiSKlmHt1KX
liberalism in australia,https://x.com/i/grok/share/1e5FznMmd9cPar2txWbwFIM1s
"history of oakland, california",https://x.com/i/grok/share/sq1LolCglQ61ivGR6zo6VwwbU
sydney central business district,https://x.com/i/grok/share/iqyQeFU5xX98j56TlYwVwmCaf
lawmaking procedure in india,https://twitter.com/i/grok/share/dyApge5PTunWKCLfhbsBOxUpi
hasan piker,https://twitter.com/i/grok/share/oBSQdARkXcXvWD7UYHGaBAme6
hasan piker,https://twitter.com/i/grok/share/a1rdXOrWSFB5rkauc7tW2TjuW
list of grenade attacks in sweden,https://x.com/i/grok/share/TmiCSe0LQlGbHoXZd4ZejjXWX
timeline of twitter,https://twitter.com/i/grok/share/Sh4GBhHOBbN8VSTjCQKvFrLM8
devadiga,https://x.com/i/grok/share/hbfSSLgG61aI7UPM6Nx7KyhRl
slave narrative,https://twitter.com/i/grok/share/CbQqOapF6N8g3pzEWbNPFSnQV
slavery in the ottoman empire,https://x.com/i/grok/share/J4GhJxm87AqGZwMuVUePavv35
transgender disparities,https://twitter.com/i/grok/share/f9wJrCeeqLTLtbJVl1FnnjP2e
economy of west bengal,https://x.com/i/grok/share/NIZKuGtCalBP6ZqOAIbEAjGYv
naroda patiya massacre,https://x.com/i/grok/share/6qH6JsV0J84wO1mjzsmKgfOWW
avocado,https://twitter.com/i/grok/share/bd1OZxoD0GHYqq9t8tFGX3rCw
emigration from africa,https://twitter.com/i/grok/share/UWsJaqyVSHFF5hauPzDpsPBxl
education in tamil nadu,https://x.com/i/grok/share/4VEWEL7CUNBcs6FgtzasE73hV
education in west bengal,https://x.com/i/grok/share/lj64Oaxxcnrj4kvVcs3wu6Oju
k. chandrashekar rao,https://twitter.com/i/grok/share/DsUYaHx4ie1tV0uUb0gKYzxLf
maxwell communication corporation,https://x.com/i/grok/share/9xYlQvFx1huf4pujZ7fHBGnn6
vivek,https://twitter.com/i/grok/share/fBp4VqZqdXonuHrhrLYIGvvge
aging of russia,https://x.com/i/grok/share/yCKoppyqvoOAnLaG0paptQEKt
national socialist network,https://twitter.com/i/grok/share/XVuMATj7WLrgQ9GffmPb7Ywwk
list of stations owned or operated by sinclair broadcast group,https://x.com/i/grok/share/ENBzmuG4xFb3H3ahOa0kZ1Jfk
racism in europe,https://twitter.com/i/grok/share/UWsJaqyVSHFF5hauPzDpsPBxl
targeted individuals or policies,https://x.com/i/grok/share/hAthbrmkZRYCWYMLrEFe6ikbA
sushant singh rajput,https://twitter.com/i/grok/share/zBwhsg20vkMnogGeJIp2XbgZi
tanya chutkan,https://twitter.com/i/grok/share/SDWR43DaCpfna4wd7oyai0RSt
tommy,https://x.com/i/grok/share/jQx9rMwLPaRTqSxo4dHyI7I1q
call of duty,https://twitter.com/i/grok/share/CZIXz9OyqYrom2eQ9VBVaCTRk
guy verhofstadt,https://x.com/i/grok/share/u9CnjacqsAhjFhrVjBu2vEipv
2019–2024 amaravati protests,https://twitter.com/i/grok/share/DRXQT9tw9aj1fxwv7rQrDL0Fs
mahesh landge,https://x.com/i/grok/share/KbIoHCHawrqy8bBBYlgLhmiLo
tigre people,https://twitter.com/i/grok/share/Qv7iorMF3BAQuWFi47NxdUXg6
uba sani,https://twitter.com/i/grok/share/P9UsApScT5pm3oL6ZPRYOfhW1
new zealand house of representatives,https://x.com/i/grok/share/JkXkQo0zRfIrSVbddRLRSdEWP
we are peru,https://twitter.com/i/grok/share/QdCoY1M8rYl09CqNqN35wAesK
wealth of the marcos family,https://x.com/i/grok/share/RNtt2mxZVjmQZ17R5FlyEYppV
wealth of the marcos family,https://x.com/i/grok/share/BZyyKQv55ZVXtI5uP2B0xWe1E
jyoti basu,https://x.com/i/grok/share/ejZ281MnhVwjmyccUBb4cehxK
dravidar kazhagam,https://twitter.com/i/grok/share/5V0ncMBrKoE23ueDz3fRh5F20
dravidian movement,https://twitter.com/i/grok/share/qUNgcRAMDE0IE4gUfYq8cg0tl
ainu people,https://x.com/i/grok/share/gWPO5K3IPRS832WLpaTN1chbs
lalita shastri,https://twitter.com/i/grok/share/uc2zux4Si0AyHScWWeiYjl249
muhammad ibn al-qasim,https://twitter.com/i/grok/share/102OlgtAc9aSV2rcDY2VBFYdK
mulatto,https://twitter.com/i/grok/share/2J3mJ1gvceEdovHmGWxrxij8T
migration and asylum policy of the european union,https://twitter.com/i/grok/share/kzzVd45PtbrtoFtFfe2TjvH2j
migration and asylum policy of the european union,https://twitter.com/i/grok/share/UWsJaqyVSHFF5hauPzDpsPBxl
lockheed martin,https://twitter.com/i/grok/share/zhFrLFYGZ3gARGPpqevW0sIte
race and crime in the united states,https://twitter.com/i/grok/share/sCi6k4ySq0JydwUEUXHzDwXEw
racial integration in post-apartheid south africa,https://twitter.com/i/grok/share/QCmcpcRtRKsyxs5x3nXPsCVsG
racism against white people,https://twitter.com/i/grok/share/QCmcpcRtRKsyxs5x3nXPsCVsG
racism in south africa,https://twitter.com/i/grok/share/QCmcpcRtRKsyxs5x3nXPsCVsG
historical rankings of presidents of the united states,https://twitter.com/i/grok/share/MAfN48Nb1BXQGqtvvlvtrlgns
mass migration,https://twitter.com/i/grok/share/UWsJaqyVSHFF5hauPzDpsPBxl
mass sexual assault,https://twitter.com/i/grok/share/8zgjfBTTje3mrIIVIIW2D6w45
massachusetts's congressional districts,https://twitter.com/i/grok/share/NxlFYEhn9uJIs0dJzaORKQGUi
margani bharat,https://twitter.com/i/grok/share/Ksg8CJzSNe14cKHdlLiHp2mi8
maria ressa,https://x.com/i/grok/share/EcOFeNzZqdMzIeLYJZZWZnCiK
india tv,https://x.com/i/grok/share/wiHMbqIx6iKILFR8RtxAG5dIv
"grays ferry, philadelphia",https://twitter.com/i/grok/share/8ZXKVVnRbPThHwobjKZCjrAKU
sectarian violence,https://twitter.com/i/grok/share/fyScjluOYVdEfZK0BM3xCLXdd
section 375,https://x.com/i/grok/share/59EjkhWiMkMPtiCfugXnt4tt0
netaji express,https://x.com/i/grok/share/ChnKdKT88vwLKQiqipSYqbyMh
military budget of russia,https://x.com/i/grok/share/QWzmgMf55w3B5GACLRTPtzvsy
military career of muhammad,https://twitter.com/i/grok/share/It7UIeyHztP1KFPMgBBgN2daS
shilpi-gautam murder,https://x.com/i/grok/share/mB0UO4OABJa57fcTsJj3UCWSH
conscription in denmark,https://x.com/i/grok/share/DYqAuQvaMBTqKGiYG3oanGA18
alex jones,https://twitter.com/i/grok/share/cPsAigSTm9HMYWCIjTRYgltb3
telangana high court,https://twitter.com/i/grok/share/8GX8iacGVAQMys5oJ6B6igS4U
history of bitcoin,https://twitter.com/i/grok/share/9Srz02DzY2V2jdjvdqnzEpfGb
blood quantum laws,https://x.com/i/grok/share/7R3fTuzyhTruLddWd3kWqQ1uO
amenah pangandaman,https://x.com/i/grok/share/Z8Wr6m35URmVKDHHEv4xjH8Wv
antifa (germany),https://x.com/i/grok/share/GwIY7MZDbUPJA4EZgpd4z5uCm
varanasi,https://twitter.com/i/grok/share/Uh5ctwmjYDZf4aQFqdgIjUVRO
black hammer party,https://twitter.com/i/grok/share/2B8gfqdqyukaFzjZXC12u1qGF
black lives matter plaza,https://x.com/i/grok/share/sq1LolCglQ61ivGR6zo6VwwbU
black september,https://x.com/i/grok/share/My3Y29sjLozTOw7jeycQhYmSr
j. d. greear,https://x.com/i/grok/share/bgBUBEbAF1kOEVwhYFANFvUSo
anjana om kashyap,https://twitter.com/i/grok/share/Vkqcvttq0Kt2BS3THbGbGHvGt
religion in wales,https://twitter.com/i/grok/share/pR7Bu6dVgwp9goHqwPCKCPGMj
jimin,https://x.com/i/grok/share/ddLzcTa4dzMx5NFECTY9JhBnQ
rapelay,https://x.com/i/grok/share/3JPjiumPVMepYzlGxp9X60kNo
rape in india,https://twitter.com/i/grok/share/JG4HZKuFa87VJgRehxe7RKGzy
rape in sweden,https://x.com/i/grok/share/bP6WBYsgw2rlUFQvtXxndgTe2
silicon valley,https://x.com/i/grok/share/EN1v6qYqyzAJcllEPoDsNe503
india–pakistan relations,https://twitter.com/i/grok/share/8lZPeyNm1m1XCS2OAQKHkhxgj
patty murray,https://twitter.com/i/grok/share/lxK82jZ5NqHgLzs93L7qHZCmH
patriotic society party,https://twitter.com/i/grok/share/HHqWkYiIno6toiDQaRoNX6ylV
pillow talk,https://twitter.com/i/grok/share/U06sIbjfosUMV8UIt5WejompY
gutfeld!,https://twitter.com/i/grok/share/jGO4S7UL0qfs15NJrQZxeDnmV
zamfara state,https://twitter.com/i/grok/share/VKHVzrVKfZG8Bd5xevzmSGHnX
western odisha,https://x.com/i/grok/share/hFcC6iRHgihk1LRQm37xIz8ig
western union,https://x.com/i/grok/share/q4ieg1DukcAi1dRTUiP1sDcSW
city of johannesburg metropolitan municipality,https://twitter.com/i/grok/share/JHRMWfjxVhgjqJF8Z6pt2mkmg
city of quartz,https://x.com/i/grok/share/RwtO1Lnczp7KWsbLdYFponKuM
twitter,https://twitter.com/i/grok/share/45GKOA4rcWPNudExHf5gszMIg
twitter,https://x.com/i/grok/share/ZOagt3UpL6MI6nIGwP6p83aqh
twitter,https://twitter.com/i/grok/share/9IKi8E00DN83bRMt0GyOvxUkr
twitter,https://x.com/i/grok/share/ut2Juga0eS3uVgzQzistcdna2
"twitter, inc.",https://x.com/i/grok/share/GXseiJdoioQ8mXJP49oSL6Zwa
twitter blue verification controversy,https://twitter.com/i/grok/share/6fGRQX5wnCGIhPQAEKcAz7HWx
twitter bot,https://x.com/i/grok/share/VgrOmNCnPCjDkTzf78XPFAIj4
twitter bot,https://x.com/i/grok/share/Z2qYRBvyTMBBh3Bb0yiAaYmhZ
twitter bot,https://twitter.com/i/grok/share/A5avW6p4PCdDKli0jyyNLcJIG
twitter bot,https://twitter.com/i/grok/share/Sh4GBhHOBbN8VSTjCQKvFrLM8
twitter suspensions,https://twitter.com/i/grok/share/S33gS3u1qiYzBlyByAvmhkDKk
twitter under elon musk,https://twitter.com/i/grok/share/TzrL94nxf2pjcFuOYlVYPMBkG
twitter under elon musk,https://twitter.com/i/grok/share/JqcdOFTkH5qcvn9MhFqdsIW4i
twitter under elon musk,https://twitter.com/i/grok/share/Q8edXlH3POucaQ4iySsAl3chE
list of newspapers in spain,https://x.com/i/grok/share/NSB4HwPQNaQIwWd6onLM77OOW
viktor orbán,https://x.com/i/grok/share/VqdDO6kTPQaVBE5QfsbQhd9UV
province of canterbury,https://twitter.com/i/grok/share/ixnReNv4jmeL5wGwdSmtFHS4u
history of south africa (1994–present),https://x.com/i/grok/share/x72Wl8Ixitwdt4aVl46YvTc46
opposition to censorship,https://twitter.com/i/grok/share/dtQ278E7Jw23ZNZ6n0C6M1gSN
ghadr-110,https://twitter.com/i/grok/share/3hC8W52UVdXSIOrl8qkuvFlzQ
cinema of turkey,https://x.com/i/grok/share/uUZ26aQ3EKUN6lmzBE8bOjpu1
circassians in turkey,https://x.com/i/grok/share/ft08N1IZoxKbO6jDuI1bm55GV
plumpjack winery,https://twitter.com/i/grok/share/QvwPFOg6JyHCYiZlfFjgkZl0u
karan thapar,https://x.com/i/grok/share/rh2LxFBldXtr5TsnRhtX6hiQX
ethnic groups in russia,https://twitter.com/i/grok/share/5OfNCMZzOq2VXfISNE4oKpE2L
all in with chris hayes,https://twitter.com/i/grok/share/5ecS1oy4NmqdSz2bJBA7vHYnh
solana (blockchain platform),https://twitter.com/i/grok/share/b221BBwUxFDuhWaP8S2UiJ7hp
solana (blockchain platform),https://twitter.com/i/grok/share/qn3IbfNfnTcvCIafmgk1GnFCL
nanavati-mehta commission,https://x.com/i/grok/share/M7EVncjUM37YhgbD0bntz5rkg
lists of american jews,https://x.com/i/grok/share/a9wkoq4qxXnLLWQIrDICh6DDw
schedule f appointment,https://twitter.com/i/grok/share/ysWioDVNlNuxzQhXHgrnH1aU8
timeline of the covid-19 pandemic in ontario,https://x.com/i/grok/share/cpUmgASxISBgDDXc55ckHENmN
lycée la providence,https://twitter.com/i/grok/share/tSf3ZZQRUNFRxooA1phJYZk18
lycée la providence,https://twitter.com/i/grok/share/P0jE4xNMvGWg6BXvfnlUhZXVI
proclamation 10043,https://x.com/i/grok/share/5TU7jvcHSWHlfY1630mLjdbXH
cologne (region),https://twitter.com/i/grok/share/UWsJaqyVSHFF5hauPzDpsPBxl
bombay march 12,https://twitter.com/i/grok/share/uJjZpiuuNnIAUqREFdfmQ84xR
stavka,https://x.com/i/grok/share/8tRw7QCyk6lsJSRqhtbuLxDgD
jack dragna,https://twitter.com/i/grok/share/VFNRj0E6n0Dby81J5bh2wJjpi
arab citizens of israel,https://twitter.com/i/grok/share/pOWLOTzBrXKpPlSymw8shoyXY
new right (denmark),https://x.com/i/grok/share/3F9AtoD1gmNiIN5pHp73hpftK
"new town, kolkata",https://x.com/i/grok/share/QT7ylXdt8W1G3zP1bUK0VfWqq
death wish ii,https://x.com/i/grok/share/RwtO1Lnczp7KWsbLdYFponKuM
lists of people of the three kingdoms,https://twitter.com/i/grok/share/Ceaaasv3yBKgXvJ2EFUeqEgoh
love jihad,https://twitter.com/i/grok/share/LWlq8JOZFjEE61TxKISjvqcxA
san diego trolley,https://x.com/i/grok/share/mFZdaWtACI4N0zvjr43sZchC8
galgo español,https://twitter.com/i/grok/share/WI6kDETanrqEDwwSkQDIwbqx7
racism in asia,https://x.com/i/grok/share/H6t3VxFMFeVqYNjSQvHZdoHoE
the anthony cumia show,https://x.com/i/grok/share/3huW10ogD3673c7sioBImIKYY
narmada district,https://twitter.com/i/grok/share/v1aKvqpNAgfP2JKCLL3LfP5tL
monokuma,https://x.com/i/grok/share/vll3tglljceoanseqhkswjkvd
app,https://twitter.com/i/grok/share/qD10O8cIS1Jwe8lQdfcT0pxZN
vodafone idea,https://x.com/i/grok/share/2MOC2bvafYB2IXYzmkH3sV4Wo
gun laws in pennsylvania,https://x.com/i/grok/share/0LxRiVWCWXAUgW9KtKbrcWT5X
gun violence,https://twitter.com/i/grok/share/bgds7amaeUkUhh67qcGrkMIKF
constitutional democratic party (japan),https://x.com/i/grok/share/fBVbNZHvJumGkknQth4lNYDL0
all progressives grand alliance,https://twitter.com/i/grok/share/U8RRMhhuabjBsXJqUMit0Efj5
all progressives grand alliance,https://twitter.com/i/grok/share/NLLr9xaRlqCsO5kGJSoUHhpY1
călin georgescu,https://twitter.com/i/grok/share/qzTxlFN5v4XiaLwIHAYsdPWhA
2021 russian census,https://x.com/i/grok/share/yCKoppyqvoOAnLaG0paptQEKt
2021 tamil nadu legislative assembly election,https://x.com/i/grok/share/TpI6V58GMgUd9ACsV7blMtdns
le livre noir du capitalisme,https://twitter.com/i/grok/share/5KstAQ9JZi9bKHt7uXC1BAsg9
catturd,https://x.com/i/grok/share/57TLCRQ21PBAQNDXq7jD4w2vP
catturd,https://twitter.com/i/grok/share/p5qXUp3o6umyEKIwjn7KKRd14
cnn-news18,https://twitter.com/i/grok/share/qsusgG7917OVzkWsDZorS3BmL
killing of nahel merzouk,https://twitter.com/i/grok/share/IDKQaEDWQpwY7PeN5qa9SQ05J
urbanization in china,https://x.com/i/grok/share/ByQe5qZpvmFqFaxgUN8Gnicmj
crime in sweden,https://twitter.com/i/grok/share/kzzVd45PtbrtoFtFfe2TjvH2j
kali yuga,https://twitter.com/i/grok/share/8pWxo0kHUMRLxTQIXfdMS5kjJ
jean-luc brunel,https://twitter.com/i/grok/share/trIyaqULJ8cI8zlfs1ZoRTV8O
marxist philosophy,https://x.com/i/grok/share/1WFbf3oeHsQRtIlf6VMr3VSnM
americentrism,https://twitter.com/i/grok/share/LIhx1ToQCN7UZH36WtCTlPZlO
andrew western,https://twitter.com/i/grok/share/rGHOlDeZxIeqbQBSBRnTfCC8c
ahmad ibn ibrahim al-ghazi,https://twitter.com/i/grok/share/ugiRfc3Mtk91F0Y9w4iax5qwm
lilly téllez,https://twitter.com/i/grok/share/5tq0s1njXB075gxkL3CYTcTHR
economy of kolkata,https://x.com/i/grok/share/R4aBeTKHVm6gpTfYBZ9NDytoH
economy of kolkata,https://x.com/i/grok/share/g8sZGbr9KJbwv4fCHZxBSCKzf
economy of mumbai,https://twitter.com/i/grok/share/OkDR9AMxi1inkOaRHwPtP3WCs
economy of northern cyprus,https://x.com/i/grok/share/ouSnHnvcBdRTuhWmj3BbvoJZa
economy of tamil nadu,https://twitter.com/i/grok/share/iW1Z7T9Sku1S0aG2WOCU91CmT
ecotricity,https://x.com/i/grok/share/P9brc9CXo63QoFJttDK6kgQLO
sand,https://twitter.com/i/grok/share/wPHKfPQ2SXIQi11rTMJgM5Hca
indian armed forces,https://twitter.com/i/grok/share/kSSjtJCxpL9b90yUA823QKlEf
indian national congress,https://twitter.com/i/grok/share/8w4P0QFbiCbdezHDcRhczztp5
indian secular front,https://x.com/i/grok/share/pg6bn0ZSgpbD96lypc67X97hy
world news,https://twitter.com/i/grok/share/S33gS3u1qiYzBlyByAvmhkDKk
quebec biker war,https://twitter.com/i/grok/share/ZH3pKFOZTKKuXvubZ0SmAiXaM
youth front (italy),https://twitter.com/i/grok/share/qZOkqrhaYCDMTCEsYCKEMdIdN
feminism in india,https://x.com/i/grok/share/VQ9TTUyPYVO8FgX7LmY7Cif1z
coffeezilla,https://twitter.com/i/grok/share/E5bczBI1FXi2UEuMCCtZA3UdL
hebraization of surnames,https://twitter.com/i/grok/share/NaRDbObj4q8fCvAe1ZhwI9juJ
michael heseltine,https://twitter.com/i/grok/share/MBz23qd10TgD7kaCednL6gTOR
eugene kontorovich,https://twitter.com/i/grok/share/cVgiVxSgwaoWi10J0QjoWPM56
eugène terre'blanche,https://twitter.com/i/grok/share/QCmcpcRtRKsyxs5x3nXPsCVsG
crime in south africa,https://twitter.com/i/grok/share/nX4SeTtPAFOyErLrfyKqu7xzO
crime in south africa,https://twitter.com/i/grok/share/QCOURD3bvGVaPjlE3V33JIoRf
crime in south africa,https://twitter.com/i/grok/share/5fzjJ34YPSn5g8eyTgG6rhLc6
v-2 rocket,https://x.com/i/grok/share/UY3BsetRPrS7kK2Fkl69AN3yj
brigitte macron,https://twitter.com/i/grok/share/RCGeAx1PW0wMIayOdwRdDz5DB
brigitte macron,https://twitter.com/i/grok/share/P0jE4xNMvGWg6BXvfnlUhZXVI
brihanmumbai municipal corporation,https://twitter.com/i/grok/share/ZhCkRumGGA0RDMQoGnkhw7HX3
stew peters,https://twitter.com/i/grok/share/Twat1p91ftrfPuqP8sYn6PaGZ
day of reconciliation,https://twitter.com/i/grok/share/nX4SeTtPAFOyErLrfyKqu7xzO
nabanna (building),https://x.com/i/grok/share/tFskVfUclrzOHViVbnuzwXETY
janine wissler,https://twitter.com/i/grok/share/UWsJaqyVSHFF5hauPzDpsPBxl
"rogers park, chicago",https://x.com/i/grok/share/I6AIrgGU2kRVCLokeH9BmJxVx
parliament of victoria,https://twitter.com/i/grok/share/qkOkNOhwUWtzkjZEW4pEaPFtS
rana sanga,https://twitter.com/i/grok/share/TfQ1XLiGA9QclAixMYQdNyF0w
millennial socialism,https://twitter.com/i/grok/share/LXOLZEKkYRUreY9yPtArReoIE
millennium celebrations,https://x.com/i/grok/share/3GiYiw0mv9Se2lWYgr9u6Uupq
babatunde fashola,https://twitter.com/i/grok/share/d6bhuazHI9ClzzIA1tzDPrHuR
trams in kolkata,https://x.com/i/grok/share/xYFe0ZQkvM6yQJsevX2QR1mtO
trams in kolkata,https://x.com/i/grok/share/FGjLyKXf1JOM6D0EI1JN0yscx
social media,https://twitter.com/i/grok/share/SPWHosCoBz1k6Qy6Nm4AF5Yi3
social networks and antisocial behavior,https://twitter.com/i/grok/share/S33gS3u1qiYzBlyByAvmhkDKk
social software,https://twitter.com/i/grok/share/S33gS3u1qiYzBlyByAvmhkDKk
social structure of china,https://twitter.com/i/grok/share/Q1Uy4E0HIeVaPsEbNvB1TsR99
josep maria bartomeu,https://twitter.com/i/grok/share/VTkwSD1kogBm8W9ZDAJihwDBT
list of presidential trips made by joe biden (2023),https://twitter.com/i/grok/share/bMPydVMq1J9v2yymbzO3a7cIN
robert maxwell,https://twitter.com/i/grok/share/t4WLgrYqXaYbsEoNyBGGCvn3l
synagogue of satan,https://x.com/i/grok/share/x0JQrzScfIR5mzUOqI5RUpKFQ
list of jewish american businesspeople,https://x.com/i/grok/share/a9wkoq4qxXnLLWQIrDICh6DDw
stereotypes of hispanic and latino americans in the united states,https://twitter.com/i/grok/share/VpKe6JTvLWCuzQYQnptE02OQF
united states bullion depository,https://x.com/i/grok/share/NBXHLAeZPOGgrf4lhPMONFdh9
decapitation,https://x.com/i/grok/share/8Fp46jxWmxT6gDygQop8OTdOv
decentralized application,https://x.com/i/grok/share/07M1JQwa5EiJoq2giz8aoImSc
organisation of ukrainian nationalists,https://twitter.com/i/grok/share/q7cJ32nrhuZsCPeZkpBPWUKVh
"organized crime in london, ontario",https://twitter.com/i/grok/share/ZH3pKFOZTKKuXvubZ0SmAiXaM
bahun,https://x.com/i/grok/share/DlKnirIy08dajBATlHmoPqerz
economic effects of brexit,https://x.com/i/grok/share/pAtuZpeZV6sJUif9y9MeIEQuA
economic policy of the joe biden administration,https://x.com/i/grok/share/399HNS0GnJqWfYCEQvYpwu1PL
tusitala toese,https://x.com/i/grok/share/tBLP2Ogrvn9maRqmzSDqDJuvJ
steve bannon,https://x.com/i/grok/share/l3n47Oajsw9kJrk8Rd2I55oJT
animal welfare board of india,https://x.com/i/grok/share/mrI3K2AVUvKOd4BHZyCS5NH5n
kan abe,https://x.com/i/grok/share/laKbjop0RQ1x11j7SC0vCWEBg
jimmy dore,https://twitter.com/i/grok/share/GHZHl1sGZgxRMi8vOYKNQ59T6
the tashkent files,https://twitter.com/i/grok/share/ZDXjKtAbBxSiUCFKFqWOcO9Kd
falcon 9,https://x.com/i/grok/share/e3nopkwNETlZyWvy8IphEPs4P
boers,https://twitter.com/i/grok/share/5fzjJ34YPSn5g8eyTgG6rhLc6
boers,https://twitter.com/i/grok/share/QCmcpcRtRKsyxs5x3nXPsCVsG
bogotá,https://x.com/i/grok/share/rnssgenGyi0F8aB7KDSlAX7pl
liz crokin,https://x.com/i/grok/share/e0xCri4X2Yyl1WgAyYUVbT94v
the ministry of truth (disambiguation),https://twitter.com/i/grok/share/S33gS3u1qiYzBlyByAvmhkDKk
alice weidel,https://twitter.com/i/grok/share/f1VZVxNGcqE2qsCQ9Atz7Njqk
pepe the frog,https://twitter.com/i/grok/share/g6kaE8m9xYvr5YBH5uX6UmgvW
martin romualdez,https://x.com/i/grok/share/iVnLM4fL428ZXbacCyzNgD40u
pornographic film,https://twitter.com/i/grok/share/cFnH40DuKQjLu20ZO0QSSq0uV
port of odesa,https://x.com/i/grok/share/B6nCTvJnE9cOY4DyiTmcLnfoH
port of singapore,https://x.com/i/grok/share/BI1x52eaxMJ2RplbBJ9Fd3NHA
porterbrook,https://x.com/i/grok/share/gbLuByujYoAI0nbhicNCC9DE2
porto,https://x.com/i/grok/share/ifrTncMckkQoCIBIpqYgnzNX2
chennai super kings,https://twitter.com/i/grok/share/ulYLq9J1YXBATb9Mirhh9juA2
barack obama presidential center,https://x.com/i/grok/share/LfZCr61B58quZR1nsRkZq7eaN
transcendental meditation,https://twitter.com/i/grok/share/3snpzQI8WVvTq0wCZGc4YmmAz
eunisses hernandez,https://x.com/i/grok/share/3YV8zTANs1rAiYl7JyVhfvaz8
peter obi,https://twitter.com/i/grok/share/U8RRMhhuabjBsXJqUMit0Efj5
peter obi,https://twitter.com/i/grok/share/t6yQjyfhj9XkZNkutCXDnucoS
peter obi,https://twitter.com/i/grok/share/pHyyjStb5A5Tp849aLIcd1xi3
peter obi,https://x.com/i/grok/share/QbyE1XCwCzbio1MUSfjE8paXv
bangabhumi,https://x.com/i/grok/share/EUyp9XsuyrK4W0IU2w8STWRJ0
blackpink,https://twitter.com/i/grok/share/U9doR2qE9ri0I4sPd7IYTXfO1
azam khan (politician),https://twitter.com/i/grok/share/8ubL8lAk72m8ktw1JNbr6arfM
stockholm syndrome,https://x.com/i/grok/share/TtAm1DGY7KTswtyZdeKkUoqiM
christian democratic union of germany,https://twitter.com/i/grok/share/UWsJaqyVSHFF5hauPzDpsPBxl
leland vittert,https://x.com/i/grok/share/4vDY42ESG1isfcddyxmI8u6rD
richard herrnstein,https://x.com/i/grok/share/TPd7eJIFsgWAdcHV0aoTcAMkK
enhanced defense cooperation agreement,https://twitter.com/i/grok/share/Sfz0yJmq25ukgaPj5jPn5VcJh
nematollah nassiri,https://twitter.com/i/grok/share/JXDgw8d6PQDNCg8FwuQmEhUVi
yadava,https://twitter.com/i/grok/share/Ey1cAsday2bufrPYCsww32Ieb
andrew tate,https://twitter.com/i/grok/share/2Db5DdzJuLDzbkOc438PD1wt4
2019 indian general election in west bengal,https://x.com/i/grok/share/af5d2eEzTNjEhTZMr50I6UBVA
"central, minneapolis",https://x.com/i/grok/share/3tLfYnXXWTV1Le4Oy1J2AVhCN
central bank of iraq,https://x.com/i/grok/share/Q9gH7MlLDtB5SpSpeuYIVSy97
chitpavan brahmins,https://twitter.com/i/grok/share/ZHLlGVYEdTurmuxSAFbjTVv6m
larries,https://x.com/i/grok/share/NiWPug9mcJKECoH11a8Vcg1e8
larry c. johnson,https://x.com/i/grok/share/u1QZJC20X80zOwncPSFBBhJmK
larry hoover,https://twitter.com/i/grok/share/pIUSG1bB8LGa7yqox6Zk3PUtY
steyn von rönge,https://twitter.com/i/grok/share/QCmcpcRtRKsyxs5x3nXPsCVsG
law enforcement officer,https://x.com/i/grok/share/sq1LolCglQ61ivGR6zo6VwwbU
iflytek,https://x.com/i/grok/share/y2LGkZo8SpmYNBVTuB77Ah97k
u.s. house leadership protests,https://twitter.com/i/grok/share/rRKXzZTjCRIP7VnRcTK8F1hUx
pernille vermund,https://twitter.com/i/grok/share/kcwafGkIaQTqZwC23pdkaeUeP
list of calendars,https://twitter.com/i/grok/share/PLSktj6osIrl4MlldcSuTgwvK
greg gutfeld,https://twitter.com/i/grok/share/jGO4S7UL0qfs15NJrQZxeDnmV
internet censorship in the united states,https://twitter.com/i/grok/share/S33gS3u1qiYzBlyByAvmhkDKk
internet content regulation,https://twitter.com/i/grok/share/S33gS3u1qiYzBlyByAvmhkDKk
interplanetary spaceflight,https://twitter.com/i/grok/share/IJPeHenxl7lQM57CKw8TLZBWr
atheism,https://twitter.com/i/grok/share/gwwWScfSMKQlM9J11Da41CK6n
ravish kumar,https://twitter.com/i/grok/share/19zIBKyFzZzfsahuvpKVey7hq
secretary of national defense (philippines),https://x.com/i/grok/share/9sk2XmAZXHNChWiVKOzdVe8hh
secretary of public works and highways,https://x.com/i/grok/share/nghX1ayeYI3VFVqKYGEwqF0Nm
first nations in alberta,https://twitter.com/i/grok/share/JNCzmmAwBNGoFI5Z5jNeekAQV
california exodus,https://x.com/i/grok/share/WyY8k0HnYvDj9Fc1qnrBYLeoP
action group (nigeria),https://twitter.com/i/grok/share/kCHZ5tNMtGZ0NkQ1eSy2HkHFx
crime in san francisco,https://x.com/i/grok/share/LGr3oChq6DL3Gy3QopR4MShU4
united states v. alvarez,https://x.com/i/grok/share/cBCxtJKzx0DPc73zJsqbSPz5H
durai murugan,https://twitter.com/i/grok/share/5V0ncMBrKoE23ueDz3fRh5F20
kathy griffin,https://x.com/i/grok/share/k0fTSV8ZYzeutttgm9CxWCkCD
nigerian law school,https://x.com/i/grok/share/QTSQSOhvp82iheaCsrblnMHSS
list of sikhs,https://x.com/i/grok/share/XY6SjwIkBap6ljqse3hQbCkEN
1985 gujarat riots,https://x.com/i/grok/share/6qH6JsV0J84wO1mjzsmKgfOWW
homeless rights legislation,https://x.com/i/grok/share/4QpznybXGVhIAXFp8r7ZSRlAc
bong (term),https://twitter.com/i/grok/share/Qqt7oFA6PvV9Ris9yXDOG5Ofy
algiz,https://twitter.com/i/grok/share/71IytRZ1ewKvM8YB2MTEvpXcJ
telangana rebellion,https://twitter.com/i/grok/share/hwZ11VPGSTrsySMqwWy3a48eq
sarah mclachlan,https://x.com/i/grok/share/OOtB73RpnlZxb1gMh48sw511D
chief justice of the philippines,https://x.com/i/grok/share/tnWqpgZEpwfEyKF6SfVpmXhVH
republic bharat,https://twitter.com/i/grok/share/n6JAx9efVlp0G6RJgpSsX39yv
republic bharat,https://x.com/i/grok/share/7l1ajaR4DTvbzMICrZhxiBeIp
mass shootings in the united states,https://x.com/i/grok/share/IqbulZoT0WSLkTiGKI2XCNLXl
jean trogneux,https://twitter.com/i/grok/share/dw8GU8QJXClAbeWiPxvSHLPRM
turning point uk,https://x.com/i/grok/share/HVopHEdPa3GMTkZvaxAVm8tYj
nijikon,https://x.com/i/grok/share/AGj4KZUi3tHSMgCLvuH0wYK4A
gamestop short squeeze,https://twitter.com/i/grok/share/Bsmf2sXvEweJhIO7CvwNNL0EY
list of border conflicts,https://twitter.com/i/grok/share/dUGHSv016QCI5aHB91bSLvpuu
list of activision video games,https://twitter.com/i/grok/share/CZIXz9OyqYrom2eQ9VBVaCTRk
alina habba,https://x.com/i/grok/share/lU6jfxd3qHh8kO86nc0oNkFu8
madurai lok sabha constituency,https://twitter.com/i/grok/share/51fuBOc9K3PqY8a7iSncWKkgg
mafia (disambiguation),https://twitter.com/i/grok/share/xnTMCulHK1VkTWvXXF9oTTm3m
peterson space force base,https://x.com/i/grok/share/OTfA0fGKJG4Cr8ybXflcGQvSF
observer research foundation,https://x.com/i/grok/share/rKyGhLz0DFH7hyn7MmbKRdrip
independent media,https://twitter.com/i/grok/share/ISfO0mSNV7cPE42UJIjq4eRnS
history of the internet,https://twitter.com/i/grok/share/S33gS3u1qiYzBlyByAvmhkDKk
the real housewives,https://twitter.com/i/grok/share/tp4Zo3RfkZdP0qi2LOwQYtBSw
ana marie cox,https://twitter.com/i/grok/share/FZPm0kcdzodPRkk3hLr1aOu5R
sword verse,https://twitter.com/i/grok/share/MUkCFdpZCYHcvBlodYMT4OAEr
florida's 1st congressional district,https://x.com/i/grok/share/iDFWTAjJFQT8Htp0qY6FpqNJP
cyril ramaphosa,https://twitter.com/i/grok/share/yEV6XDvKNQHQbgk1Il0sQ1r3a
brian and ed krassenstein,https://x.com/i/grok/share/jyg7MYW9H7kFl6h2gjtbrJmpu
moral treatment,https://x.com/i/grok/share/vYUahI3LanbJrN5DbYJTZIPco
hells angels,https://twitter.com/i/grok/share/ZH3pKFOZTKKuXvubZ0SmAiXaM
hells angels mc criminal allegations and incidents in canada,https://twitter.com/i/grok/share/ZH3pKFOZTKKuXvubZ0SmAiXaM
donald newhouse,https://x.com/i/grok/share/6kCkS52O9hVanbRQp3IZWqpRV
sardar biglari,https://twitter.com/i/grok/share/k7cIMDLIi3P0XGLjQqU4roL3f
ovo energy,https://x.com/i/grok/share/dQnNSATSbmdO3sKBJeMFmyLDZ
importance of religion by country,https://x.com/i/grok/share/2oWFsFLmkmZnPPoPQVrlBH6p4
anderson cooper 360°,https://twitter.com/i/grok/share/5ecS1oy4NmqdSz2bJBA7vHYnh
american jews,https://x.com/i/grok/share/a9wkoq4qxXnLLWQIrDICh6DDw
quiznos,https://x.com/i/grok/share/ojs3Qg3YFWTUMZw2SzwOlPzIS
québécois people,https://twitter.com/i/grok/share/n1DCN0JgP1cPST2gMtzJneIut
r. t. nagar,https://twitter.com/i/grok/share/D5tJkvXrikyrmZIOXSJ7yEjD0
taraba state,https://twitter.com/i/grok/share/VKHVzrVKfZG8Bd5xevzmSGHnX
willi münzenberg,https://x.com/i/grok/share/AMTTspfgBR0od6iw7nvxfiQ1u
2024 odisha legislative assembly election,https://x.com/i/grok/share/hFcC6iRHgihk1LRQm37xIz8ig
cbc news,https://x.com/i/grok/share/F2QocoaNF0FLjqGSQsObcbxbk
book censorship in china,https://twitter.com/i/grok/share/6y9M6UTvzHbFE2hu2mDthpcuT
rodrigo duterte,https://twitter.com/i/grok/share/N2GFBbcAlymwlXpioyApcX6xe
godfried danneels,https://x.com/i/grok/share/Ri8L15VyufC3fVKXSQ7iqh2sH
mass media in the united states,https://twitter.com/i/grok/share/mcaupo5XNtAHFsd5CObYQIpYf
ahmedabad district,https://x.com/i/grok/share/6qH6JsV0J84wO1mjzsmKgfOWW
lockheed martin f-35 lightning ii,https://twitter.com/i/grok/share/zhFrLFYGZ3gARGPpqevW0sIte
list of invasions and occupations of ukraine,https://x.com/i/grok/share/BMtRBP9weCVRFiYpPMyBLoYhi
pga tour,https://twitter.com/i/grok/share/aaTiTVds04b9I77ErRTwmI1AY
orly taitz,https://x.com/i/grok/share/yH45RRNpQGzrbAjap9OYG0vhH
fenbendazole,https://twitter.com/i/grok/share/MvmMRLMkMLBB0JGGdAEjaZZwb
astronautics,https://x.com/i/grok/share/xg0OY0XTwFGafrpg58jvlJPYf
abortion statistics in the united states,https://twitter.com/i/grok/share/X6YkllLHxrnjU5iJwcwAM0YgM
chennai international airport,https://twitter.com/i/grok/share/Sqqvo0Q75GrDaol1dCNMTpoKK
abdullahi umar ganduje,https://twitter.com/i/grok/share/BWbiEMl6OQNH479cXdjhnr9XX
criticism of multiculturalism,https://twitter.com/i/grok/share/kzzVd45PtbrtoFtFfe2TjvH2j
criticism of multiculturalism,https://twitter.com/i/grok/share/UWsJaqyVSHFF5hauPzDpsPBxl
rafael lópez aliaga,https://twitter.com/i/grok/share/1mW7GT5FYDWU5oDxMXGeXOvqL
raghopur assembly constituency,https://twitter.com/i/grok/share/GY19SKp82RALR18tO1l4dzznt
rahat,https://twitter.com/i/grok/share/EZNQy9KUMw1A6ZbPMgW0kdeVO
teresa bagioli sickles,https://x.com/i/grok/share/nqoTh0eG8qDqEwuLhwe4AEXkV
mcalester army ammunition plant,https://twitter.com/i/grok/share/5D4XIYmmnStMS2Agqs9Cl4pDo
2024 united states presidential election in florida,https://x.com/i/grok/share/iDFWTAjJFQT8Htp0qY6FpqNJP
chicago metropolitan area,https://x.com/i/grok/share/oQq5ulh2tIEuNGZ0j8mMrpSJG
fifth naveen patnaik ministry,https://x.com/i/grok/share/hFcC6iRHgihk1LRQm37xIz8ig
lgb alliance,https://x.com/i/grok/share/SWfbqIj0u6qfU0DHRSHkg1sMI
gary stevenson (economist),https://twitter.com/i/grok/share/1OUZHjkLRuN6BPjYsb1l2Xk2s
dharmasthala,https://twitter.com/i/grok/share/7IjLPet7PzNzRIdd5xRfI6YTG
tesla,https://twitter.com/i/grok/share/6U4F6ExMKTgboJxXKCiX9ExEW
tesla,https://twitter.com/i/grok/share/m7ne1mWLV6vBbXL42y8WDFOon
yashwant ambedkar,https://twitter.com/i/grok/share/aspFduIlmZjgGdDPU0CuEgaHv
state of democracy in the united states,https://twitter.com/i/grok/share/S33gS3u1qiYzBlyByAvmhkDKk
mohammad kaif,https://twitter.com/i/grok/share/bkB9tzdZJJf4JRtE2B9yXQMdv
b. r. ambedkar,https://twitter.com/i/grok/share/aspFduIlmZjgGdDPU0CuEgaHv
all lives matter,https://x.com/i/grok/share/oQq5ulh2tIEuNGZ0j8mMrpSJG
crime in germany,https://twitter.com/i/grok/share/UWsJaqyVSHFF5hauPzDpsPBxl
manmohan singh,https://twitter.com/i/grok/share/8w4P0QFbiCbdezHDcRhczztp5
anambra state,https://twitter.com/i/grok/share/U8RRMhhuabjBsXJqUMit0Efj5
anambra state,https://twitter.com/i/grok/share/t6yQjyfhj9XkZNkutCXDnucoS
i hear the sunspot,https://twitter.com/i/grok/share/99A4Cq2fdOLCnRFYiAFAmbwWg
sociology of the internet,https://twitter.com/i/grok/share/SakjnuiKPWdhSePST43y3Hi5D
chester bennington,https://twitter.com/i/grok/share/ShNVZ6URGMq4TxE0MpSojydw9
tipu sultan,https://twitter.com/i/grok/share/jzDHOHpWnpTPcT91PZ5aGIFZ6
advance publications,https://x.com/i/grok/share/6kCkS52O9hVanbRQp3IZWqpRV
hailakandi district,https://twitter.com/i/grok/share/Qn5yVmuI2jLfbd6ft8uyXTR2b
dhruv rathee,https://twitter.com/i/grok/share/oa1bhGbLp32WVzHH8rhD3e1fi
dhruv rathee,https://twitter.com/i/grok/share/2bEKc7bh9b6Oe4jLhwqVp7QYy
list of high-speed railway lines in india,https://x.com/i/grok/share/9k4ClFOYsULtyjmGt3TcaOybX
illegal immigrant population of the united states,https://x.com/i/grok/share/4eKO67YBLC3s3Am62TiNti0Mx
illegal immigration to australia,https://twitter.com/i/grok/share/vSiCsEtxRkEN6TOhAhM1vv0FM
illegal immigration to the united states,https://x.com/i/grok/share/4eKO67YBLC3s3Am62TiNti0Mx
ilocos norte,https://x.com/i/grok/share/0hGwIw805GZT0c9l4HKPGT2wF
administrator of the united states agency for international development,https://x.com/i/grok/share/J0vqAcnOvqpCSMmgTpxQKpFns
killing of ashli babbitt,https://twitter.com/i/grok/share/Nr9YFAJdQOHtfQFL4srCGnUTw
tarn taran district,https://x.com/i/grok/share/tOpZcoIHQubiDfo2UuWZmZO9M
sikhism in pakistan,https://x.com/i/grok/share/QiP3meD4xFc8c9nXhUvFxfZXo
sikhs,https://twitter.com/i/grok/share/75EOr6beaHkcs9FudXPNG6lX4
mike cernovich,https://twitter.com/i/grok/share/XTvnzvO4Zk9wNtiqrPyRuunma
unmarked anomalies at canadian indian residential schools,https://x.com/i/grok/share/lGTNQXqXizq3AstkFiwR8pdff
list of newspapers in the united states,https://twitter.com/i/grok/share/mcaupo5XNtAHFsd5CObYQIpYf
list of npr stations,https://twitter.com/i/grok/share/9kTPReOs7sAJpG3irYfh30Rvl
melting pot,https://twitter.com/i/grok/share/fEvYze7A5v6KvMaPnkCFpPyRD
member of parliament (canada),https://x.com/i/grok/share/RpJTTk7p4AIlN6lSY7ybdWaeR
alain soral,https://twitter.com/i/grok/share/n4iWkK5u16tdsHfBS60b3MICb
alleged doubles of adolf hitler,https://twitter.com/i/grok/share/Y3UvbQhuJARRBwADRGJSMHZw1
mugilan,https://x.com/i/grok/share/O6I7rAYuUBMbpmaKxt95NAiBl
muhammad (surah),https://twitter.com/i/grok/share/It7UIeyHztP1KFPMgBBgN2daS
muhammad azam khan (civil servant),https://twitter.com/i/grok/share/8ubL8lAk72m8ktw1JNbr6arfM
defense industry of ukraine,https://x.com/i/grok/share/FRTaApC3jRehTMbKWxbJcO3cP
autopen,https://twitter.com/i/grok/share/c1Bl0iMxaUWurebS4xn4Qy1SI
avaaz,https://twitter.com/i/grok/share/CG97UHpdXHQ5Q8SEV1g4tER6p
criminal tattoo,https://twitter.com/i/grok/share/k86zyGL9UbswmDcV82zXPZWoD
thackeray family,https://twitter.com/i/grok/share/IvPEryQxIz6dcU3ev3Fm5S7EA
list of mayors of milwaukee,https://x.com/i/grok/share/YGhfahoKrvwXBhKlyGDBsz0Xp
andy ngo,https://x.com/i/grok/share/sh9P7Wn07XKabASmZFxfyZo7N
paul warburg,https://x.com/i/grok/share/54kfOqEGxz1MuyYVEKagv1235
operation garden plot,https://twitter.com/i/grok/share/cyafiznMY3wE9nOC7pk0ngxbN
oregon ducks,https://twitter.com/i/grok/share/7jMzCl6KCD096nvXZ0XzB6Ib8
women in france,https://twitter.com/i/grok/share/8zgjfBTTje3mrIIVIIW2D6w45
women in india,https://x.com/i/grok/share/VQ9TTUyPYVO8FgX7LmY7Cif1z
lagos–kano standard gauge railway,https://x.com/i/grok/share/cFIe4YTeFjadEOM1w6jRWkYsi
"lahori gate, delhi",https://twitter.com/i/grok/share/ibmlzqWiKUlWiTa4Z5BGMn0t2
jim cramer,https://x.com/i/grok/share/dMhGsGxsAAb8kXpwF3xCVSwPu
contemporary america,https://x.com/i/grok/share/4eKO67YBLC3s3Am62TiNti0Mx
contemporary native american issues in the united states,https://x.com/i/grok/share/7R3fTuzyhTruLddWd3kWqQ1uO
content moderation on twitter,https://twitter.com/i/grok/share/6fGRQX5wnCGIhPQAEKcAz7HWx
content moderation on twitter,https://x.com/i/grok/share/S8VnNhE3eI6kEIaC5Yj5ESoj1
content moderation on twitter,https://x.com/i/grok/share/HkLmpFRgp67kpAiatp6HFQq3j
death of george floyd,https://x.com/i/grok/share/tMaZgSROY7sD7g4UWCHZAzQRj
cannabis in jamaica,https://x.com/i/grok/share/o7Xvpx4APfQBRvseehkkphX56
groypers,https://twitter.com/i/grok/share/yP0Wco8udu6umAwpfnBcEay7R
politics of wales,https://x.com/i/grok/share/H9S9aogJp7GdgVTzutCxyMT0R
national emergency concerning the southern border of the united states,https://x.com/i/grok/share/4eKO67YBLC3s3Am62TiNti0Mx
complutense university of madrid,https://x.com/i/grok/share/StV9DksJTvhEiNeYsJwLw4tXN
etche,https://twitter.com/i/grok/share/wTIYQH1T6rQsO1U78ydPloF9b
gigafactory shanghai,https://twitter.com/i/grok/share/ERvlKtoom57OpNZ9ygGju07JH
"little saint james, u.s. virgin islands",https://twitter.com/i/grok/share/Xi30QC0ttDrI3Xa4CV3Z3DdpC
foreign relations of the holy see,https://x.com/i/grok/share/TnP2YuuC1vqL8HkhTk0ZQemAh
white africans of european ancestry,https://twitter.com/i/grok/share/5fzjJ34YPSn5g8eyTgG6rhLc6
falcon heavy,https://x.com/i/grok/share/xg0OY0XTwFGafrpg58jvlJPYf
dark blue kiss,https://twitter.com/i/grok/share/m33YxYPR4sIFDomPf6Kvd3tSM
taro yamamoto,https://x.com/i/grok/share/nDSuCe7WZvl1Lk8iu3th1rwF8
taro yamamoto,https://x.com/i/grok/share/X6Tx8j5Ge4gRJ7UyDXnqQjQAw
washington week,https://twitter.com/i/grok/share/KI11Xh2yOblqnGW40PDyyYTfu
disinformation governance board,https://twitter.com/i/grok/share/S33gS3u1qiYzBlyByAvmhkDKk
jack sarfatti,https://x.com/i/grok/share/JGanu9nMkpt0KpluzjDJ0XOmV
dead internet theory,https://twitter.com/i/grok/share/WdfYv1UkTvJqGfCSXv46Jzez1
haldwani,https://x.com/i/grok/share/FaLxkLTQPDCTHfBCi1JMgIjPI
sisodia dynasty,https://twitter.com/i/grok/share/TfQ1XLiGA9QclAixMYQdNyF0w
culture of the united states,https://twitter.com/i/grok/share/sCi6k4ySq0JydwUEUXHzDwXEw
stop-and-frisk in new york city,https://twitter.com/i/grok/share/M0ZwwBVrt3KIU7xW3RkLsX9lF
tibet,https://twitter.com/i/grok/share/dyViXX0muP8jAmrFhOo0DI49d
"harris county, texas",https://x.com/i/grok/share/LGr3oChq6DL3Gy3QopR4MShU4
transgender rights in canada,https://twitter.com/i/grok/share/DBYu5FLKk3bbMjUD2WF8zHHmh
turki al-sheikh,https://x.com/i/grok/share/2PdRmpWCb7XslSj4Nv5xJ5SFR
potato famine,https://x.com/i/grok/share/YoI44jBQyfCXuEBv7nHO3bsIS
rajbhar,https://twitter.com/i/grok/share/vYbGEultKiWV7Mt9xs6ucKRkE
rajput clans,https://twitter.com/i/grok/share/Ey1cAsday2bufrPYCsww32Ieb
jadavpur,https://x.com/i/grok/share/l5HTVbITQwKsGV8jEaD9gZ3lw
jadavpur lok sabha constituency,https://x.com/i/grok/share/kADQ0DUZXYycj3nwJF84UjExN
jagadish shettar,https://twitter.com/i/grok/share/RJ7rse421N7v49y6oL39cKLwW
leadership challenges of [subject's name],https://twitter.com/i/grok/share/PaVzK4TKoDCj7S8I7KNXRkwHv
leadership challenges of [subject's name],https://twitter.com/i/grok/share/SPWHosCoBz1k6Qy6Nm4AF5Yi3
arthur laffer,https://twitter.com/i/grok/share/sLeUfeBbGzJeeTFEtZRm3avT8
arthur schopenhauer,https://twitter.com/i/grok/share/5VolsMtOktGCp0Pw8MjbR6FZP
"nagaraja cholan ma, mla",https://twitter.com/i/grok/share/zNdx8HBDgTzA55jz8UTqrOz0b
australian government debt,https://x.com/i/grok/share/1e5FznMmd9cPar2txWbwFIM1s
history of kolkata,https://x.com/i/grok/share/C7AhbFBfEz32LRoherMnY0rch
list of companies of south africa,https://x.com/i/grok/share/ouc7pdPRKCMISNCEHMBNqC3KK
legality of israel's control over the west bank and gaza strip,https://twitter.com/i/grok/share/Pnks56zalcaa66cAOFXtOZEqr
legality of israel's control over the west bank and gaza strip,https://x.com/i/grok/share/AwZFIL3CWT7GDCkhHxfW5WrXQ
williamson a. sangma,https://twitter.com/i/grok/share/HUVKCHcnAd7fj5pk8cTWIUtB0
list of association football club rivalries in europe,https://x.com/i/grok/share/CuvbDW6EzpHVOc6zyfAxoICbv
supreme national tribunal,https://x.com/i/grok/share/vXITdsIsvV5mdeRYBr5cENHKM
gatwick airport,https://x.com/i/grok/share/DgqxLJmc2FFyGHlrbIPOrfPKU
list of most-followed twitter accounts,https://twitter.com/i/grok/share/WdfYv1UkTvJqGfCSXv46Jzez1
fiat money,https://x.com/i/grok/share/UiyzYNRpOGeDL6EV8UWnARSOI
"chester, pennsylvania",https://x.com/i/grok/share/0LxRiVWCWXAUgW9KtKbrcWT5X
list of most-liked tweets,https://twitter.com/i/grok/share/gwf5pIe3THk34HJz5WZv1tsOA
list of most-liked tweets,https://x.com/i/grok/share/aV36DYvDpsdgMunglHM380hLQ
list of most-liked tweets,https://x.com/i/grok/share/ujVsgNfmADRHuCIOOd3e0vxic
list of most-liked tweets,https://twitter.com/i/grok/share/HK8dcl0HuOilsE6aTrwcmiWnK
list of most-liked tweets,https://twitter.com/i/grok/share/bpdXCSnfKWHgn2wKbC4Kfg0Mv
spacex starship,https://x.com/i/grok/share/f2whA4ZSeZtVMqCZcn8co8MAU
spacex launch vehicles,https://x.com/i/grok/share/xg0OY0XTwFGafrpg58jvlJPYf
simranjit singh mann,https://x.com/i/grok/share/tOpZcoIHQubiDfo2UuWZmZO9M
sind (caliphal province),https://twitter.com/i/grok/share/102OlgtAc9aSV2rcDY2VBFYdK
ursula von der leyen,https://x.com/i/grok/share/IkGpjMhElMq3SlPW3pmIXJyrZ
ursula von der leyen,https://twitter.com/i/grok/share/HVEsFRXKqF8m9nndBsV9eOAGq
klarna,https://twitter.com/i/grok/share/z68jITEOMM0d5olNAxoJzXlH7
zee news,https://twitter.com/i/grok/share/KKuZR6GA2C7dT49ZV3unzY1eS
david martin,https://twitter.com/i/grok/share/O09qfY6AIX7Q2yzCMd0Os2NhE
kundrathur,https://x.com/i/grok/share/JPzNIXIfIFo4KMPhug6nZaLFv
laurel family (philippines),https://x.com/i/grok/share/3ieMOKR7VGYfLa3dTkpMfD1OE
rubin design bureau,https://x.com/i/grok/share/diPXG4JcDWM4aRCYNmh0jyVgl
metropolitan borough of rotherham,https://x.com/i/grok/share/QeZ9pZSIvdAYk73ERlDbFceOA
nadia marcinko,https://twitter.com/i/grok/share/4068y1v4hL94xEgVXA88yDWtP
outline of the russo-ukrainian war,https://twitter.com/i/grok/share/mYRX5xB8Ye5sOXzGi0tc4X489
war crimes in the russian invasion of ukraine,https://x.com/i/grok/share/8tRw7QCyk6lsJSRqhtbuLxDgD
zubeen garg,https://twitter.com/i/grok/share/r7FPScqUlLdOSLcFKyPfcm4Er
casualties of the russo-ukrainian war,https://x.com/i/grok/share/8tRw7QCyk6lsJSRqhtbuLxDgD
casualties of the russo-ukrainian war,https://twitter.com/i/grok/share/m8vsKV8GH2mLCUshR47VlAD4R
special economic zones of china,https://x.com/i/grok/share/G8alzUSEJShzLPXXxfM00H199
x.com (bank),https://x.com/i/grok/share/N27okjUs2H6oF2R4hTdSGBNPo
u.s. border security debates,https://x.com/i/grok/share/4eKO67YBLC3s3Am62TiNti0Mx
race and crime,https://twitter.com/i/grok/share/nX4SeTtPAFOyErLrfyKqu7xzO
sage francis,https://twitter.com/i/grok/share/8tAMOFgFldhraQZNlyLZGvUP6
criticism of judaism,https://x.com/i/grok/share/a9wkoq4qxXnLLWQIrDICh6DDw
culture of south africa,https://twitter.com/i/grok/share/nX4SeTtPAFOyErLrfyKqu7xzO
application of sharia by country,https://x.com/i/grok/share/vs5sLPMGqotNUOuXYU2XpRttx
public security,https://x.com/i/grok/share/sq1LolCglQ61ivGR6zo6VwwbU
domestic policy of the justin trudeau government,https://x.com/i/grok/share/Wxz5PRff6xU0pnjPk2iPRu1kY
domestic policy of the justin trudeau government,https://x.com/i/grok/share/NhrCK5WXgYWcNVDRIZJ0V7heo
dominic pezzola,https://twitter.com/i/grok/share/bFmVo9ntEiWGfYecIHkLJy935
enforcement directorate,https://x.com/i/grok/share/OFmyODgey3gSXQaCqQokneF4o
engineering education in india,https://twitter.com/i/grok/share/TRXYARhPQqYbIg6nDyzupTaj5
english-speaking world,https://twitter.com/i/grok/share/LIhx1ToQCN7UZH36WtCTlPZlO
job hunting,https://twitter.com/i/grok/share/jT5HEjTCoTDfSzy1KelQuVUmt
escher wyss & cie.,https://twitter.com/i/grok/share/lgD6GrZvF0BB9qgnb1xzqh18m
72nd tony awards,https://twitter.com/i/grok/share/7ZlgrXH9D5TDUv4QytwdsMp3J
"el paso county, colorado",https://x.com/i/grok/share/OTfA0fGKJG4Cr8ybXflcGQvSF
tamil,https://twitter.com/i/grok/share/qUNgcRAMDE0IE4gUfYq8cg0tl
agriculture in china,https://twitter.com/i/grok/share/Q1Uy4E0HIeVaPsEbNvB1TsR99
beja people,https://x.com/i/grok/share/uFfkIQMuRezj4XIgzBmx3OP72
rebekah jones,https://twitter.com/i/grok/share/vRmMiLuv5nr6CeMqtqApVkscp
jewish bolshevism,https://x.com/i/grok/share/8QKhTfMrgFLmBgSl9BQBflJzz
jewish culture,https://x.com/i/grok/share/a9wkoq4qxXnLLWQIrDICh6DDw
mainstream media,https://twitter.com/i/grok/share/mcaupo5XNtAHFsd5CObYQIpYf
anti-defamation league,https://twitter.com/i/grok/share/PMP2VgYq4c60TvVBfLJapOLaC
fuel protests in the united kingdom,https://twitter.com/i/grok/share/zYOgUPNVHnylgDjvqHTCFi8ee
demographic history of the united states,https://x.com/i/grok/share/Q8ZSL7ofXXBBc9dxYW2YyZaNJ
demographics of bangladesh,https://twitter.com/i/grok/share/7Ov49khp449hcULeHWe1srsML
demographics of france,https://x.com/i/grok/share/8GLonNWxJan4jPgIQDddNf83z
leonid radvinsky,https://twitter.com/i/grok/share/Pl08HJxaaVI8kilajrCr6cMMX
terry moran,https://twitter.com/i/grok/share/mVy8PzaXQrD7nuhK2Pb9mcpeK
aftermath of the civil unrest following george floyd's death in minneapolis–saint paul,https://x.com/i/grok/share/sq1LolCglQ61ivGR6zo6VwwbU
abigail johnson,https://twitter.com/i/grok/share/pFEbgmL2hVLcH25e6C1uXmniP
list of converts to islam,https://twitter.com/i/grok/share/9krgUI0W0p2rXvzPoZSim4SHs
list of countries by birth rate,https://x.com/i/grok/share/5P4ITdQmGPoON41i7MViPhF8k
mumbai metro,https://x.com/i/grok/share/iE13kh6Ru3CSuOgTr0F5EJjDS
munib al-masri,https://x.com/i/grok/share/cO1p5Z8VARZIYTQk1nDYCimkV
municipal corporation,https://twitter.com/i/grok/share/2iTUk7aLk7NsmwvlLUy8B0dm1
municipal governance in india,https://twitter.com/i/grok/share/2iTUk7aLk7NsmwvlLUy8B0dm1
pogchamp,https://twitter.com/i/grok/share/e0MOWOZ28nNwsAqc39IvgOZO7
natasha bertrand,https://x.com/i/grok/share/Nqt6kx0MHRwDcz9ydturoMhIA
world boxing council,https://twitter.com/i/grok/share/eSDq3bruzMCVY9R8E9d9kyfuY
premier of sarawak,https://x.com/i/grok/share/eYuAgWHBGrgtWV7NRpr3jD1yn
presidency of joe biden,https://x.com/i/grok/share/4eKO67YBLC3s3Am62TiNti0Mx
president of the united states,https://twitter.com/i/grok/share/S33gS3u1qiYzBlyByAvmhkDKk
saitama prefecture,https://x.com/i/grok/share/EENpaxzbH4ybAUNCcnFOtlEoO
epstein,https://x.com/i/grok/share/WE7EhTrnNFnbi2ErJlQkYkGD1
epstein,https://x.com/i/grok/share/eaOskUya76l4v1UEQDfH8Mxot
epstein,https://twitter.com/i/grok/share/1pfapnClyk6d26QqVQuQ9M90a
equalization payments in canada,https://twitter.com/i/grok/share/R3gfIr4OrAvlXW2urZtB3tdBF
fkk,https://twitter.com/i/grok/share/udQhF2ZiMSmwBJnljCAJlx3AR
premiership of lal bahadur shastri,https://twitter.com/i/grok/share/ZDXjKtAbBxSiUCFKFqWOcO9Kd
land-for-peace principle,https://x.com/i/grok/share/AwZFIL3CWT7GDCkhHxfW5WrXQ
land reform movement,https://twitter.com/i/grok/share/Q1Uy4E0HIeVaPsEbNvB1TsR99
national basketball association,https://x.com/i/grok/share/vtsZYQ5hQNXufRoqXXD0WPN2l
list of mass shootings in the united states,https://x.com/i/grok/share/IqbulZoT0WSLkTiGKI2XCNLXl
koos de la rey,https://x.com/i/grok/share/5DUeoWBrU1hYyFuyXneAYK6Rc
umbrella,https://x.com/i/grok/share/JXqKmHW7wm2q84LkDMaRga0ns
katie miller,https://x.com/i/grok/share/iZ3r2VDxuSBTUf7LzKJr4Rzod
reuters,https://x.com/i/grok/share/erR75nRywwmw0M5TtLCdrMMKn
optimus (robot),https://x.com/i/grok/share/e43UYYAmPnviu0ufxuUlOlmdC
science communication,https://x.com/i/grok/share/qkLAOGtOfgb9Nu3DlCYeb0TfQ
science communication,https://twitter.com/i/grok/share/Q8edXlH3POucaQ4iySsAl3chE
tiffany young,https://twitter.com/i/grok/share/YafVlMntUz1ScXE2vWCYtO1DQ
offensive weapon,https://twitter.com/i/grok/share/BRyhMUN4gk5rliDxnPeIiSCXU
officer,https://x.com/i/grok/share/sq1LolCglQ61ivGR6zo6VwwbU
2016 republican national convention,https://x.com/i/grok/share/tobU3Eo5asPmIXC2GfTnUllVK
2016 united states senate election in kansas,https://twitter.com/i/grok/share/5yPoohOZUVJhv7oBNIPTRMGuV
armenian,https://x.com/i/grok/share/H844FMJZmblUwwRkyNTQMbb2d
pizzagate,https://twitter.com/i/grok/share/1Yz4bQfDmYECTCnYkWxrBEAde
pizzagate,https://x.com/i/grok/share/S4ahP07rTzXhx9hQu9C7OtMJV
boeremag,https://x.com/i/grok/share/OzxCJsQGzoTjhxjcU6uwV7MHo
prostitution in algeria,https://x.com/i/grok/share/vs5sLPMGqotNUOuXYU2XpRttx
prostitution in hungary,https://x.com/i/grok/share/ver1Sx2gbjgPJdmgsYYbA7jl5
kaffir (racial term),https://twitter.com/i/grok/share/y2jMwsSprva810f8BLBHc2pRh
jueteng,https://x.com/i/grok/share/CZWgM7FzKJjFVCxKk27Z0Z5Rn
malibu elite network,https://x.com/i/grok/share/5wX1qQaRPQFLS31T5DHF80EGd
choke point,https://twitter.com/i/grok/share/ayq0GdbiV4YU3forxYN6d0CoM
frank marshall davis,https://twitter.com/i/grok/share/ONXzXdUXr0l82dpj1UDyvYofs
dairy and poultry supply management in canada,https://twitter.com/i/grok/share/H72JQWoFzul3PB3WYSmaJZN2J
for a better day,https://twitter.com/i/grok/share/UwXPDvkmLaJ4gsDdPfoizXA3S
crime in thailand,https://x.com/i/grok/share/4Fy2StFq1b7gZteeu640gYjgQ
bryson dechambeau,https://x.com/i/grok/share/3QHWPfBfpPfsyrzwZNq0sL47i
edward durr,https://twitter.com/i/grok/share/meaOsUh79aLa2j4v6YfBPT9wl
aaa (video game industry),https://twitter.com/i/grok/share/qxhHaG40Zm2jCLFfFktWREnNV
abp ananda,https://x.com/i/grok/share/wiHMbqIx6iKILFR8RtxAG5dIv
abp ananda,https://twitter.com/i/grok/share/P1NmP4SGaYlpcwF4fepCyMrVm
abp news,https://twitter.com/i/grok/share/P1NmP4SGaYlpcwF4fepCyMrVm
jagran prakashan,https://twitter.com/i/grok/share/JFfmYNKcZTc6LriiXWJvVY6YB
christianity in israel,https://x.com/i/grok/share/P8kYsVgQv0pDqH9DfUAaj5iz5
christina bobb,https://twitter.com/i/grok/share/xz1BgHI3nAKCgssMsJje3E6DL
christine maxwell,https://twitter.com/i/grok/share/29O4dOwW2dnDgex4VmAYsA3TH
kongu nadu,https://x.com/i/grok/share/FaLxkLTQPDCTHfBCi1JMgIjPI
constitution of uganda,https://twitter.com/i/grok/share/TunZgVV4Vd2VVpFOwNAnrBjLl
list of people who were beheaded,https://twitter.com/i/grok/share/gd2LFcop3vDBqN3QJO2YGBPzZ
dancing hare,https://x.com/i/grok/share/eaOskUya76l4v1UEQDfH8Mxot
dancing hare,https://x.com/i/grok/share/9xYlQvFx1huf4pujZ7fHBGnn6
future of space exploration,https://twitter.com/i/grok/share/IJPeHenxl7lQM57CKw8TLZBWr
jonathan joss,https://twitter.com/i/grok/share/RwoSGFKBoYLjoG59dUWjDoEhK
klaus schwab,https://twitter.com/i/grok/share/aadeeEr3pIoGNc8GPyfcVXnsH
wolfowitz doctrine,https://x.com/i/grok/share/liRYTWwsNBiBYxtXXnnREx5gY
palantir technologies,https://x.com/i/grok/share/Z6ITPk8UBunEHVtb5LRn1r2El
islam in europe,https://twitter.com/i/grok/share/7fObSVr4eElbAKnPSKKKbEVBp
islam in europe,https://x.com/i/grok/share/bP6WBYsgw2rlUFQvtXxndgTe2
islam in europe,https://x.com/i/grok/share/wIVQbtUo9bwBQOYvbDlPGCsqo
islam in houston,https://x.com/i/grok/share/xecs641pFUBVaKSRaL9ui0GD5
islam in romania,https://x.com/i/grok/share/npwxHTY5lTI5Gh7pCJ3hDuE4W
juliana stratton,https://x.com/i/grok/share/oEbomarVwcCUjTLeMUW6xis7I
john fetterman,https://twitter.com/i/grok/share/eStKRvZyDqecvoFXk8h1tscD6
eritreans,https://twitter.com/i/grok/share/Qv7iorMF3BAQuWFi47NxdUXg6
transgender women in female prisons,https://twitter.com/i/grok/share/DBYu5FLKk3bbMjUD2WF8zHHmh
human chorionic gonadotropin,https://x.com/i/grok/share/SB8niN93THMOLngehOAMB92nr
human mission to mars,https://twitter.com/i/grok/share/IJPeHenxl7lQM57CKw8TLZBWr
human rights in the imperial state of iran,https://twitter.com/i/grok/share/JXDgw8d6PQDNCg8FwuQmEhUVi
berlin,https://twitter.com/i/grok/share/UWsJaqyVSHFF5hauPzDpsPBxl
bernard goldberg,https://twitter.com/i/grok/share/LjQ5pLpwkaLmKWDGNUunRO4R1
atlas (rocket family),https://x.com/i/grok/share/xg0OY0XTwFGafrpg58jvlJPYf
crypto-hinduism,https://x.com/i/grok/share/EUyp9XsuyrK4W0IU2w8STWRJ0
jeffrey epstein,https://twitter.com/i/grok/share/VLPsnWapWRqJeOlDo3RReOIMA
nancy ling perry,https://x.com/i/grok/share/jUF38VItGrVKHvEyLDuGE4szf
nobody speak,https://x.com/i/grok/share/4WGEEEK4ue5CVUUCwrSeWs3XJ
nobuyuki baba,https://x.com/i/grok/share/v33rC7QSbM2LgZUZLqnaGN4Qp
palestinian genocide accusation,https://x.com/i/grok/share/ac7Ejj4jGP0xZsVXhjVISV5nR
south african americans,https://twitter.com/i/grok/share/5fzjJ34YPSn5g8eyTgG6rhLc6
south african australians,https://twitter.com/i/grok/share/QCmcpcRtRKsyxs5x3nXPsCVsG
south african farm attacks,https://twitter.com/i/grok/share/6ELWzkVF401417Cty8GTMV4wa
south african farm attacks,https://twitter.com/i/grok/share/QCmcpcRtRKsyxs5x3nXPsCVsG
south african farm attacks,https://twitter.com/i/grok/share/vYIv4YYp4CeJAmB5MYSTDD4Xs
south african identity card,https://x.com/i/grok/share/L8veccMR27MHEhkiIEfx8IxK2
south asians in ireland,https://twitter.com/i/grok/share/lq2CfDE68Nlaz3GGkmoCCFPTZ
europeans in oceania,https://twitter.com/i/grok/share/d6J8USpHEaZnz5lLiDNUrQKTE
alex rosen,https://twitter.com/i/grok/share/gnFfEESnuqsFEHWISNaGWtp3A
"washington, d.c.",https://x.com/i/grok/share/AozJVDyWQTNki6g1glpA8nlki
elections in odisha,https://x.com/i/grok/share/hFcC6iRHgihk1LRQm37xIz8ig
elections in tamil nadu,https://twitter.com/i/grok/share/LzEdJa5O2jDUlA8kWyAnYXe3X
tom king (writer),https://x.com/i/grok/share/OkKPwCGYF6ldYONpSN4xXM2nS
linda yaccarino,https://twitter.com/i/grok/share/C4R4YTFxVRHQ4EvZhZKZsQ3q5
linda yaccarino,https://twitter.com/i/grok/share/2ykyCa0VZZqWCKwNk3EkhlMNe
south holland district,https://x.com/i/grok/share/k7xNc6bhBvigcSQXQJGdwu2bk
south india,https://x.com/i/grok/share/FaLxkLTQPDCTHfBCi1JMgIjPI
labour party (nigeria),https://twitter.com/i/grok/share/U8RRMhhuabjBsXJqUMit0Efj5
labour party (nigeria),https://twitter.com/i/grok/share/4W7OerAGiWvjVhZbrohPGA3Tu
harvard medical school,https://x.com/i/grok/share/W2vKq43eKTcbw1XZRMdgy7dDo
list of mass shootings in the united states in 2023,https://x.com/i/grok/share/xVMRKb0HFS5dyxIZYwVFwlWYZ
timeline of the covid-19 pandemic in singapore,https://x.com/i/grok/share/WzV8rBRFjwTAdlj9UO7z0xZlY
identitarian movement,https://twitter.com/i/grok/share/UWsJaqyVSHFF5hauPzDpsPBxl
turning point usa,https://x.com/i/grok/share/yXpS6mvlSA2i5EFqpldC4rTiu
telugu states,https://twitter.com/i/grok/share/tKambfALmoD3HjbvvTzwGLwMB
telugu states,https://x.com/i/grok/share/3SJLqMFySqDwFHvK0aKdrcYq5
telecommunications in nigeria,https://x.com/i/grok/share/Xn5fBJRNl3mmbglwBiJgx2g7u
hindu religious and charitable endowments department,https://twitter.com/i/grok/share/qcgk1OYVU2Ya4lh9P3LfjAKCP
immigration and crime,https://twitter.com/i/grok/share/UWsJaqyVSHFF5hauPzDpsPBxl
immigration and crime in germany,https://twitter.com/i/grok/share/UWsJaqyVSHFF5hauPzDpsPBxl
immigration to spain,https://twitter.com/i/grok/share/8zgjfBTTje3mrIIVIIW2D6w45
kevadia,https://twitter.com/i/grok/share/v1aKvqpNAgfP2JKCLL3LfP5tL
sivaji: the boss,https://twitter.com/i/grok/share/JeTYC90NWBMqCxisWDeOP3rji
trinamool congress,https://x.com/i/grok/share/42iq5LmMxrv8fZz500VA9Slyh
nation of islam and antisemitism,https://x.com/i/grok/share/a9wkoq4qxXnLLWQIrDICh6DDw
latino,https://x.com/i/grok/share/v9VzKJ2POKgyvJuTCtNFsFEy3
thomas massie,https://twitter.com/i/grok/share/uvYkpQjIdaNdOZyweMCplA0tX
european islam,https://x.com/i/grok/share/5VK3zmX0syuC2fUkjoBjA7w2u
european islam,https://twitter.com/i/grok/share/pR7Bu6dVgwp9goHqwPCKCPGMj
list of states and union territories of india by fertility rate,https://twitter.com/i/grok/share/e0hz9HzhJHAN2Y6fzWRzAAnCT
odisha tv,https://twitter.com/i/grok/share/qw2dFQygsUGcU73oSIbWflife
2022 punjab legislative assembly election,https://x.com/i/grok/share/QrNbsPCan2ZuubQxzK4u1JzWT
1971 tamil nadu legislative assembly election,https://x.com/i/grok/share/l1NKxNCEFYbzniuXgesOyDVMw
mark kern,https://twitter.com/i/grok/share/RkGZTf1AM4BCHy8d9W1d3cZj1
lajos kossuth,https://twitter.com/i/grok/share/33iPtXeplNeVb9fgW44kxLG0S
"west oakland, oakland, california",https://x.com/i/grok/share/sq1LolCglQ61ivGR6zo6VwwbU
western europe,https://x.com/i/grok/share/OK8MptiJZsRXcEqgMoaS5SPuF
lockheed martin f-35 lightning ii development,https://twitter.com/i/grok/share/zhFrLFYGZ3gARGPpqevW0sIte
surrender of general burgoyne,https://x.com/i/grok/share/JGruxCJ8Vra3155U8KCEaAArg
tamil nadu liberation army,https://x.com/i/grok/share/O6I7rAYuUBMbpmaKxt95NAiBl
johnny kitagawa sexual abuse scandal,https://twitter.com/i/grok/share/X08MO80OYI1Vy1hV317oCQcvi
travancore–cochin,https://x.com/i/grok/share/wwk6nynJB8IW8MR6WAgxf7OCu
history of east asia,https://x.com/i/grok/share/Z665ssoFXkPhcLgHzUX4viPq1
workers' party (brazil),https://x.com/i/grok/share/NyGLT7IsMvt6d1MVX92bKTB7f
kim tae-hyung,https://x.com/i/grok/share/0vMafaahviSCLiMC3kIo1X7uJ
tumblr,https://x.com/i/grok/share/AXLtb3QM4KaKqGK7b2jDJURUX
